# WaveFront *.obj file (generated by Autodesk ATF)

mtllib Parking_Lot.mtl

g Body1

v 1.810000 0.000000 0.000000
v 1.815445 0.000423 0.000000
v 1.820812 0.001567 0.000000
v 1.830882 0.005936 0.000000
v 1.839475 0.012105 0.000000
v 1.847306 0.019912 0.000000
v 1.859872 0.037492 0.000000
v 1.869438 0.056957 0.000000
v 1.891008 0.140484 0.000000
v 1.898687 0.229401 0.000000
v 1.900000 0.316483 0.000000
v 1.900000 0.363567 0.005551
v 1.900000 0.410860 0.008887
v 1.900000 0.458258 0.010000
v 1.896933 0.458258 0.033294
v 1.887942 0.458258 0.055000
v 1.873640 0.458258 0.073640
v 1.855000 0.458258 0.087942
v 1.833294 0.458258 0.096933
v 1.810000 0.458258 0.100000
v 1.810000 0.301239 0.088736
v 1.810000 0.147437 0.055173
v 1.887942 0.160152 0.012007
v 1.873640 0.154885 0.029887
v 1.855000 0.150844 0.043607
v 1.833294 0.148303 0.052231
v 1.896933 0.310761 0.022712
v 1.887942 0.307663 0.044196
v 1.873640 0.305002 0.062645
v 1.855000 0.302960 0.076801
v 1.833294 0.301677 0.085700
v 1.900000 2.400000 0.010000
v 1.896933 2.400000 0.033294
v 1.887942 2.400000 0.055000
v 1.873640 2.400000 0.073640
v 1.855000 2.400000 0.087942
v 1.833294 2.400000 0.096933
v 1.810000 2.400000 0.100000
v 1.896933 1.914564 0.033294
v 1.896933 1.429129 0.033294
v 1.896933 0.943693 0.033294
v 1.887942 1.914564 0.055000
v 1.887942 1.429129 0.055000
v 1.887942 0.943693 0.055000
v 1.873640 1.914564 0.073640
v 1.873640 1.429129 0.073640
v 1.873640 0.943693 0.073640
v 1.855000 1.914564 0.087942
v 1.855000 1.429129 0.087942
v 1.855000 0.943693 0.087942
v 1.833294 1.914564 0.096933
v 1.833294 1.429129 0.096933
v 1.833294 0.943693 0.096933
v 1.900000 2.400000 0.000000
v 0.100000 2.400000 0.000000
v 0.100000 2.400000 0.100000
v 0.100000 0.458258 0.100000
v 0.100000 0.301239 0.088736
v 0.100000 0.147437 0.055173
v 0.100000 0.000000 0.000000
vt 0.005449 -0.460968 0.000000
vt 0.010838 -0.459951 0.000000
vt 0.000000 -0.461343 0.000000
vt 0.021075 -0.456064 0.000000
vt 0.030037 -0.450553 0.000000
vt 0.038487 -0.443542 0.000000
vt 0.052860 -0.427608 0.000000
vt 0.047124 -0.307562 0.000000
vt 0.023562 -0.307562 0.000000
vt 0.023562 -0.153781 0.000000
vt 0.000000 -0.153781 0.000000
vt -0.000000 0.000000 0.000000
vt 0.023562 0.000000 0.000000
vt 0.047124 -0.153781 0.000000
vt 0.047124 0.000000 0.000000
vt 0.070686 -0.153781 0.000000
vt 0.070686 0.000000 0.000000
vt 0.094248 -0.153781 0.000000
vt 0.094248 0.000000 0.000000
vt 0.117810 -0.153781 0.000000
vt 0.117810 0.000000 0.000000
vt 0.141372 -0.100805 0.000000
vt 0.141372 -0.050402 0.000000
vt 0.064967 -0.409730 0.000000
vt 0.070686 -0.307562 0.000000
vt 0.100741 -0.330340 0.000000
vt 0.094248 -0.307562 0.000000
vt 0.125452 -0.241550 0.000000
vt 0.141372 -0.151207 0.000000
vt 0.141372 0.000000 0.000000
vt 0.000000 -0.307562 0.000000
vt -1.800000 0.047124 0.000000
vt -1.314564 0.047124 0.000000
vt -1.800000 0.070686 0.000000
vt -0.829129 0.047124 0.000000
vt 0.141742 0.070686 0.000000
vt -0.343693 0.047124 0.000000
vt 0.141742 0.047124 0.000000
vt 0.141742 0.023562 0.000000
vt -0.343693 0.023562 0.000000
vt 0.141742 0.000000 0.000000
vt -0.343693 0.000000 0.000000
vt 0.141742 -0.023562 0.000000
vt -0.343693 -0.023562 0.000000
vt 0.141742 -0.047124 0.000000
vt -0.343693 -0.047124 0.000000
vt 0.141742 -0.070686 0.000000
vt -0.829129 -0.047124 0.000000
vt -1.800000 -0.070686 0.000000
vt -1.314564 -0.047124 0.000000
vt -1.800000 -0.047124 0.000000
vt -1.800000 -0.023562 0.000000
vt -1.314564 -0.023562 0.000000
vt -1.800000 0.000000 0.000000
vt -1.314564 0.000000 0.000000
vt -1.800000 0.023562 0.000000
vt -1.314564 0.023562 0.000000
vt -0.829129 0.023562 0.000000
vt -0.829129 0.000000 0.000000
vt -0.829129 -0.023562 0.000000
vt 0.066706 0.096933 0.000000
vt 0.045000 0.087942 0.000000
vt 0.090000 0.100000 0.000000
vt 1.800000 0.100000 0.000000
vt 0.026360 0.073640 0.000000
vt 0.012058 0.055000 0.000000
vt 1.800000 0.000000 0.000000
vt 0.003067 0.033294 0.000000
vt 0.000000 0.010000 0.000000
vt 0.000000 0.000000 0.000000
vt 0.458258 0.010000 0.000000
vt 0.410860 0.008887 0.000000
vt 2.400000 0.010000 0.000000
vt 0.363567 0.005551 0.000000
vt 2.400000 0.000000 0.000000
vt 0.316483 0.000000 0.000000
vt 0.100000 0.000000 0.000000
vt 1.810000 0.000000 0.000000
vt 0.100000 0.157557 0.000000
vt 1.810000 0.157557 0.000000
vt 0.100000 0.315113 0.000000
vt 1.810000 0.315113 0.000000
vt 0.100000 0.472670 0.000000
vt 1.810000 0.472670 0.000000
vt 2.400000 0.000000 0.000000
vt 2.252563 0.055173 0.000000
vt -0.000000 0.000000 0.000000
vt -0.000000 0.100000 0.000000
vt 2.098761 0.088736 0.000000
vt 1.941742 0.100000 0.000000
vt 0.810000 1.200000 0.000000
vt -0.900000 1.200000 0.000000
vt 0.810000 -0.741742 0.000000
vt -0.900000 -0.741742 0.000000
vt -0.898687 -0.970599 0.000000
vt -0.810000 -1.200000 0.000000
vt -0.900000 -0.883517 0.000000
vt 0.900000 -1.200000 0.000000
vt 0.900000 1.200000 0.000000
vt -0.891008 -1.059516 0.000000
vt -0.869438 -1.143043 0.000000
vt -0.859872 -1.162508 0.000000
vt -0.847306 -1.180088 0.000000
vt -0.839475 -1.187895 0.000000
vt -0.815445 -1.199577 0.000000
vt -0.820812 -1.198433 0.000000
vt -0.830882 -1.194064 0.000000
vt -0.900000 1.200000 0.000000
vn 0.060513 -0.415517 0.907570
vn 0.120129 -0.412411 0.903043
vn 0.000000 -0.416598 0.909091
vn 0.232029 -0.400876 0.886263
vn 0.327579 -0.384960 0.862843
vn 0.414721 -0.365316 0.833397
vn 0.554142 -0.322840 0.767269
vn 0.500000 -0.244708 0.830733
vn 0.258819 -0.272936 0.926563
vn 0.258819 -0.137880 0.956034
vn 0.000000 -0.142744 0.989760
vn -0.000000 -0.000000 1.000000
vn 0.258819 -0.000000 0.965926
vn 0.500000 -0.123620 0.857157
vn 0.500000 -0.000000 0.866025
vn 0.707107 -0.100935 0.699866
vn 0.707107 -0.000000 0.707107
vn 0.866025 -0.071372 0.494880
vn 0.866025 -0.000000 0.500000
vn 0.965926 -0.036945 0.256169
vn 0.965926 -0.000000 0.258819
vn 1.000000 -0.000000 0.000000
vn 1.000000 -0.000000 0.000000
vn 0.660775 -0.279541 0.696587
vn 0.707107 -0.199803 0.678291
vn 0.899817 -0.132124 0.415780
vn 0.866025 -0.141282 0.479624
vn 0.984396 -0.039256 0.171532
vn 1.000000 -0.000000 0.000000
vn 1.000000 -0.000000 0.000000
vn 0.000000 -0.282564 0.959248
vn 0.965926 -0.000000 0.258819
vn 0.965926 -0.000000 0.258819
vn 1.000000 -0.000000 0.000000
vn 0.965926 -0.000000 0.258819
vn 0.965926 -0.000000 0.258819
vn 0.866025 -0.000000 0.500000
vn 0.707107 -0.000000 0.707107
vn 0.500000 -0.000000 0.866025
vn 0.258819 -0.000000 0.965926
vn 0.258819 -0.000000 0.965926
vn 0.000000 -0.000000 1.000000
vn 0.258819 -0.000000 0.965926
vn 0.258819 -0.000000 0.965926
vn 0.500000 -0.000000 0.866025
vn 0.500000 -0.000000 0.866025
vn 0.707107 -0.000000 0.707107
vn 0.707107 -0.000000 0.707107
vn 0.866025 -0.000000 0.500000
vn 0.866025 -0.000000 0.500000
vn 0.866025 -0.000000 0.500000
vn 0.707107 -0.000000 0.707107
vn 0.500000 -0.000000 0.866025
vn 0.000000 1.000000 -0.000000
vn 0.000000 1.000000 -0.000000
vn 0.000000 1.000000 -0.000000
vn 0.000000 1.000000 -0.000000
vn 0.000000 1.000000 -0.000000
vn 0.000000 1.000000 -0.000000
vn 0.000000 1.000000 -0.000000
vn 0.000000 1.000000 -0.000000
vn 0.000000 1.000000 -0.000000
vn 0.000000 1.000000 -0.000000
vn 1.000000 -0.000000 0.000000
vn 0.000000 -0.416598 0.909091
vn 0.000000 -0.282564 0.959248
vn 0.000000 -0.142744 0.989760
vn 0.000000 -0.000000 1.000000
vn -1.000000 0.000000 0.000000
vn -1.000000 0.000000 0.000000
vn -1.000000 0.000000 0.000000
vn -1.000000 0.000000 0.000000
vn -1.000000 0.000000 0.000000
vn -1.000000 0.000000 0.000000
vn 0.000000 0.000000 1.000000
vn -0.000000 0.000000 -1.000000
vn -0.000000 0.000000 -1.000000
vn -0.000000 0.000000 -1.000000
vn -0.000000 0.000000 -1.000000
vn -0.000000 0.000000 -1.000000
vn -0.000000 0.000000 -1.000000
vn -0.000000 0.000000 -1.000000
vn -0.000000 0.000000 -1.000000
vn -0.000000 0.000000 -1.000000
vn -0.000000 0.000000 -1.000000
vn -0.000000 0.000000 -1.000000
vn -0.000000 0.000000 -1.000000
vn -0.000000 0.000000 -1.000000
vn -0.000000 0.000000 -1.000000
usemtl ABS_(White)
f 2/1/1 3/2/2 1/3/3
f 1/3/3 3/2/2 4/4/4
f 1/3/3 4/4/4 5/5/5
f 6/6/6 7/7/7 5/5/5
f 5/5/5 7/7/7 25/8/8
f 5/5/5 25/8/8 26/9/9
f 26/9/9 25/8/8 31/10/10
f 26/9/9 31/10/10 21/11/11
f 21/11/11 31/10/10 20/12/12
f 20/12/12 31/10/10 19/13/13
f 19/13/13 31/10/10 30/14/14
f 19/13/13 30/14/14 18/15/15
f 18/15/15 30/14/14 29/16/16
f 18/15/15 29/16/16 17/17/17
f 17/17/17 29/16/16 28/18/18
f 17/17/17 28/18/18 16/19/19
f 16/19/19 28/18/18 27/20/20
f 16/19/19 27/20/20 15/21/21
f 15/21/21 27/20/20 12/22/22
f 15/21/21 12/22/22 13/23/23
f 7/7/7 8/24/24 25/8/8
f 25/8/8 8/24/24 24/25/25
f 25/8/8 24/25/25 30/14/14
f 30/14/14 24/25/25 29/16/16
f 8/24/24 9/26/26 24/25/25
f 24/25/25 9/26/26 23/27/27
f 24/25/25 23/27/27 29/16/16
f 29/16/16 23/27/27 28/18/18
f 9/26/26 10/28/28 23/27/27
f 23/27/27 10/28/28 28/18/18
f 28/18/18 10/28/28 27/20/20
f 27/20/20 10/28/28 11/29/29
f 27/20/20 11/29/29 12/22/22
f 13/23/23 14/30/30 15/21/21
f 21/11/11 22/31/31 26/9/9
f 26/9/9 22/31/31 1/3/3
f 26/9/9 1/3/3 5/5/5
f 31/10/10 25/8/8 30/14/14
f 33/32/32 39/33/33 32/34/34
f 32/34/34 39/33/33 40/35/35
f 32/34/34 40/35/35 14/36/30
f 14/36/30 40/35/35 41/37/36
f 14/36/30 41/37/36 15/38/21
f 15/38/21 41/37/36 16/39/19
f 16/39/19 41/37/36 44/40/37
f 16/39/19 44/40/37 17/41/17
f 17/41/17 44/40/37 47/42/38
f 17/41/17 47/42/38 18/43/15
f 18/43/15 47/42/38 50/44/39
f 18/43/15 50/44/39 19/45/13
f 19/45/13 50/44/39 53/46/40
f 19/45/13 53/46/40 20/47/12
f 20/47/12 53/46/40 52/48/41
f 20/47/12 52/48/41 38/49/42
f 38/49/42 52/48/41 51/50/43
f 38/49/42 51/50/43 37/51/44
f 37/51/44 51/50/43 36/52/45
f 36/52/45 51/50/43 48/53/46
f 36/52/45 48/53/46 35/54/47
f 35/54/47 48/53/46 45/55/48
f 35/54/47 45/55/48 34/56/49
f 34/56/49 45/55/48 42/57/50
f 34/56/49 42/57/50 33/32/32
f 33/32/32 42/57/50 39/33/33
f 44/40/37 41/37/36 40/35/35
f 40/35/35 39/33/33 43/58/51
f 43/58/51 39/33/33 42/57/50
f 43/58/51 42/57/50 46/59/52
f 46/59/52 42/57/50 45/55/48
f 46/59/52 45/55/48 49/60/53
f 49/60/53 45/55/48 48/53/46
f 49/60/53 48/53/46 52/48/41
f 52/48/41 48/53/46 51/50/43
f 47/42/38 44/40/37 43/58/51
f 43/58/51 44/40/37 40/35/35
f 47/42/38 43/58/51 46/59/52
f 50/44/39 47/42/38 46/59/52
f 50/44/39 46/59/52 49/60/53
f 53/46/40 50/44/39 49/60/53
f 53/46/40 49/60/53 52/48/41
f 37/61/54 36/62/55 38/63/56
f 38/63/56 36/62/55 56/64/57
f 56/64/57 36/62/55 35/65/58
f 56/64/57 35/65/58 34/66/59
f 56/64/57 34/66/59 55/67/60
f 55/67/60 34/66/59 33/68/61
f 55/67/60 33/68/61 32/69/62
f 32/69/62 54/70/63 55/67/60
f 14/71/30 13/72/23 32/73/34
f 32/73/34 13/72/23 12/74/22
f 32/73/34 12/74/22 54/75/64
f 54/75/64 12/74/22 11/76/29
f 60/77/65 1/78/3 59/79/66
f 59/79/66 1/78/3 22/80/31
f 59/79/66 22/80/31 58/81/67
f 58/81/67 22/80/31 21/82/11
f 58/81/67 21/82/11 57/83/68
f 57/83/68 21/82/11 20/84/12
f 60/85/69 59/86/70 55/87/71
f 55/87/71 59/86/70 56/88/72
f 56/88/72 59/86/70 58/89/73
f 56/88/72 58/89/73 57/90/74
f 38/91/42 56/92/75 20/93/12
f 20/93/12 56/92/75 57/94/68
f 10/95/76 1/96/77 11/97/78
f 11/97/78 1/96/77 60/98/79
f 11/97/78 60/98/79 55/99/80
f 10/95/76 9/100/81 1/96/77
f 1/96/77 9/100/81 8/101/82
f 1/96/77 8/101/82 7/102/83
f 7/102/83 6/103/84 1/96/77
f 1/96/77 6/103/84 5/104/85
f 1/96/77 5/104/85 2/105/86
f 2/105/86 5/104/85 3/106/87
f 3/106/87 5/104/85 4/107/88
f 55/99/80 54/108/89 11/97/78
g Body2

v 3.810000 0.000000 0.000000
v 3.815445 0.000423 0.000000
v 3.820812 0.001567 0.000000
v 3.830882 0.005936 0.000000
v 3.839475 0.012105 0.000000
v 3.847306 0.019912 0.000000
v 3.859872 0.037492 0.000000
v 3.869438 0.056957 0.000000
v 3.891008 0.140484 0.000000
v 3.898687 0.229401 0.000000
v 3.900000 0.316483 0.000000
v 3.900000 0.363567 0.005551
v 3.900000 0.410860 0.008887
v 3.900000 0.458258 0.010000
v 3.896933 0.458258 0.033294
v 3.887942 0.458258 0.055000
v 3.873640 0.458258 0.073640
v 3.855000 0.458258 0.087942
v 3.833294 0.458258 0.096933
v 3.810000 0.458258 0.100000
v 3.810000 0.301239 0.088736
v 3.810000 0.147437 0.055173
v 3.887942 0.160152 0.012007
v 3.873640 0.154885 0.029887
v 3.855000 0.150844 0.043607
v 3.833294 0.148303 0.052231
v 3.896933 0.310761 0.022712
v 3.887942 0.307663 0.044196
v 3.873640 0.305002 0.062645
v 3.855000 0.302960 0.076801
v 3.833294 0.301677 0.085700
v 3.900000 2.400000 0.010000
v 3.896933 2.400000 0.033294
v 3.887942 2.400000 0.055000
v 3.873640 2.400000 0.073640
v 3.855000 2.400000 0.087942
v 3.833294 2.400000 0.096933
v 3.810000 2.400000 0.100000
v 3.896933 1.914564 0.033294
v 3.896933 1.429129 0.033294
v 3.896933 0.943693 0.033294
v 3.887942 1.914564 0.055000
v 3.887942 1.429129 0.055000
v 3.887942 0.943693 0.055000
v 3.873640 1.914564 0.073640
v 3.873640 1.429129 0.073640
v 3.873640 0.943693 0.073640
v 3.855000 1.914564 0.087942
v 3.855000 1.429129 0.087942
v 3.855000 0.943693 0.087942
v 3.833294 1.914564 0.096933
v 3.833294 1.429129 0.096933
v 3.833294 0.943693 0.096933
v 2.190000 0.458258 0.100000
v 2.190000 0.301239 0.088736
v 2.190000 0.147437 0.055173
v 2.190000 0.000000 0.000000
v 2.190000 2.400000 0.100000
v 3.900000 2.400000 0.000000
v 2.100000 2.400000 0.000000
v 2.100000 2.400000 0.010000
v 2.103067 2.400000 0.033294
v 2.112058 2.400000 0.055000
v 2.126360 2.400000 0.073640
v 2.145000 2.400000 0.087942
v 2.166706 2.400000 0.096933
v 2.100000 0.458258 0.010000
v 2.103067 0.458258 0.033294
v 2.112058 0.458258 0.055000
v 2.126360 0.458258 0.073640
v 2.145000 0.458258 0.087942
v 2.166706 0.458258 0.096933
v 2.166706 1.914564 0.096933
v 2.166706 1.429129 0.096933
v 2.166706 0.943693 0.096933
v 2.145000 1.914564 0.087942
v 2.145000 1.429129 0.087942
v 2.145000 0.943693 0.087942
v 2.126360 1.914564 0.073640
v 2.126360 1.429129 0.073640
v 2.126360 0.943693 0.073640
v 2.112058 1.914564 0.055000
v 2.112058 1.429129 0.055000
v 2.112058 0.943693 0.055000
v 2.103067 1.914564 0.033294
v 2.103067 1.429129 0.033294
v 2.103067 0.943693 0.033294
v 2.100000 0.316483 0.000000
v 2.101313 0.229401 0.000000
v 2.108992 0.140484 0.000000
v 2.130562 0.056957 0.000000
v 2.140128 0.037492 0.000000
v 2.152694 0.019912 0.000000
v 2.160525 0.012105 0.000000
v 2.169118 0.005936 0.000000
v 2.179188 0.001567 0.000000
v 2.184555 0.000423 0.000000
v 2.100000 0.410860 0.008887
v 2.100000 0.363567 0.005551
v 2.103067 0.310761 0.022712
v 2.112058 0.307663 0.044196
v 2.126360 0.305002 0.062645
v 2.145000 0.302960 0.076801
v 2.166706 0.301677 0.085700
v 2.112058 0.160152 0.012007
v 2.126360 0.154885 0.029887
v 2.145000 0.150844 0.043607
v 2.166706 0.148303 0.052231
vt 0.005449 -0.460968 0.000000
vt 0.010838 -0.459951 0.000000
vt -0.000000 -0.461343 0.000000
vt 0.021075 -0.456064 0.000000
vt 0.030037 -0.450553 0.000000
vt 0.038487 -0.443542 0.000000
vt 0.052860 -0.427608 0.000000
vt 0.047124 -0.307562 0.000000
vt 0.023562 -0.307562 0.000000
vt 0.023562 -0.153781 0.000000
vt -0.000000 -0.153781 0.000000
vt -0.000000 0.000000 0.000000
vt 0.023562 0.000000 0.000000
vt 0.047124 -0.153781 0.000000
vt 0.047124 0.000000 0.000000
vt 0.070686 -0.153781 0.000000
vt 0.070686 0.000000 0.000000
vt 0.094248 -0.153781 0.000000
vt 0.094248 0.000000 0.000000
vt 0.117810 -0.153781 0.000000
vt 0.117810 0.000000 0.000000
vt 0.141372 -0.100805 0.000000
vt 0.141372 -0.050402 0.000000
vt 0.064967 -0.409730 0.000000
vt 0.070686 -0.307562 0.000000
vt 0.100741 -0.330340 0.000000
vt 0.094248 -0.307562 0.000000
vt 0.125452 -0.241550 0.000000
vt 0.141372 -0.151207 0.000000
vt 0.141372 0.000000 0.000000
vt -0.000000 -0.307562 0.000000
vt -1.800000 0.047124 0.000000
vt -1.314564 0.047124 0.000000
vt -1.800000 0.070686 0.000000
vt -0.829129 0.047124 0.000000
vt 0.141742 0.070686 0.000000
vt -0.343693 0.047124 0.000000
vt 0.141742 0.047124 0.000000
vt 0.141742 0.023562 0.000000
vt -0.343693 0.023562 0.000000
vt 0.141742 0.000000 0.000000
vt -0.343693 0.000000 0.000000
vt 0.141742 -0.023562 0.000000
vt -0.343693 -0.023562 0.000000
vt 0.141742 -0.047124 0.000000
vt -0.343693 -0.047124 0.000000
vt 0.141742 -0.070686 0.000000
vt -0.829129 -0.047124 0.000000
vt -1.800000 -0.070686 0.000000
vt -1.314564 -0.047124 0.000000
vt -1.800000 -0.047124 0.000000
vt -1.800000 -0.023562 0.000000
vt -1.314564 -0.023562 0.000000
vt -1.800000 0.000000 0.000000
vt -1.314564 0.000000 0.000000
vt -1.800000 0.023562 0.000000
vt -1.314564 0.023562 0.000000
vt -0.829129 0.023562 0.000000
vt -0.829129 0.000000 0.000000
vt -0.829129 -0.023562 0.000000
vt 2.190000 0.000000 0.000000
vt 3.810000 0.000000 0.000000
vt 2.190000 0.157557 0.000000
vt 3.810000 0.157557 0.000000
vt 2.190000 0.315113 0.000000
vt 3.810000 0.315113 0.000000
vt 2.190000 0.472670 0.000000
vt 3.810000 0.472670 0.000000
vt 0.810000 1.200000 0.000000
vt -0.810000 1.200000 0.000000
vt 0.810000 -0.741742 0.000000
vt -0.810000 -0.741742 0.000000
vt 0.066706 0.096933 0.000000
vt 0.045000 0.087942 0.000000
vt 0.090000 0.100000 0.000000
vt 1.755000 0.087942 0.000000
vt 1.710000 0.100000 0.000000
vt 1.733294 0.096933 0.000000
vt 1.773640 0.073640 0.000000
vt 0.026360 0.073640 0.000000
vt 1.787942 0.055000 0.000000
vt 0.012058 0.055000 0.000000
vt 1.796933 0.033294 0.000000
vt 0.003067 0.033294 0.000000
vt 1.800000 0.010000 0.000000
vt 0.000000 0.010000 0.000000
vt 1.800000 0.000000 0.000000
vt 0.000000 0.000000 0.000000
vt 0.600000 -0.047124 0.000000
vt 0.114564 -0.047124 0.000000
vt 0.600000 -0.070686 0.000000
vt -0.370871 -0.047124 0.000000
vt -1.341742 -0.070686 0.000000
vt -0.856307 -0.047124 0.000000
vt -1.341742 -0.047124 0.000000
vt -1.341742 -0.023562 0.000000
vt -0.856307 -0.023562 0.000000
vt -1.341742 0.000000 0.000000
vt -0.856307 0.000000 0.000000
vt -1.341742 0.023562 0.000000
vt -0.856307 0.023562 0.000000
vt -1.341742 0.047124 0.000000
vt -0.856307 0.047124 0.000000
vt -1.341742 0.070686 0.000000
vt -0.370871 0.047124 0.000000
vt 0.600000 0.070686 0.000000
vt 0.114564 0.047124 0.000000
vt 0.600000 0.047124 0.000000
vt 0.600000 0.023562 0.000000
vt 0.114564 0.023562 0.000000
vt 0.600000 0.000000 0.000000
vt 0.114564 0.000000 0.000000
vt 0.600000 -0.023562 0.000000
vt 0.114564 -0.023562 0.000000
vt -0.370871 -0.023562 0.000000
vt -0.370871 0.000000 0.000000
vt -0.370871 0.023562 0.000000
vt 0.141372 -3.272134 0.000000
vt 0.141372 -3.221731 0.000000
vt 0.117810 -3.219157 0.000000
vt 0.125452 -3.131389 0.000000
vt 0.100741 -3.042599 0.000000
vt 0.064967 -2.963208 0.000000
vt 0.094248 -3.065377 0.000000
vt 0.094248 -3.219157 0.000000
vt 0.117810 -3.372938 0.000000
vt 0.141372 -3.322536 0.000000
vt 0.141372 -3.372938 0.000000
vt 0.052860 -2.945330 0.000000
vt 0.047124 -3.065377 0.000000
vt 0.070686 -3.065377 0.000000
vt 0.038487 -2.929397 0.000000
vt 0.023562 -3.065377 0.000000
vt 0.047124 -3.219157 0.000000
vt 0.023562 -3.219157 0.000000
vt 0.047124 -3.372938 0.000000
vt 0.023562 -3.372938 0.000000
vt -0.000000 -3.219157 0.000000
vt -0.000000 -3.372938 0.000000
vt 0.030037 -2.922385 0.000000
vt 0.021075 -2.916875 0.000000
vt 0.010838 -2.912987 0.000000
vt -0.000000 -3.065377 0.000000
vt 0.005449 -2.911971 0.000000
vt -0.000000 -2.911596 0.000000
vt 0.070686 -3.372938 0.000000
vt 0.070686 -3.219157 0.000000
vt 0.094248 -3.372938 0.000000
vt 2.083517 0.000000 0.000000
vt 2.036433 0.005551 0.000000
vt -0.000000 0.000000 0.000000
vt -0.000000 0.010000 0.000000
vt 1.989140 0.008887 0.000000
vt 1.941742 0.010000 0.000000
vt 0.458258 0.010000 0.000000
vt 0.410860 0.008887 0.000000
vt 2.400000 0.010000 0.000000
vt 0.363567 0.005551 0.000000
vt 2.400000 0.000000 0.000000
vt 0.316483 0.000000 0.000000
vt -0.898687 -0.970599 0.000000
vt -0.815445 -1.199577 0.000000
vt -0.900000 -0.883517 0.000000
vt 0.815445 -1.199577 0.000000
vt 0.900000 -0.883517 0.000000
vt 0.898687 -0.970599 0.000000
vt 0.891008 -1.059516 0.000000
vt 0.869438 -1.143043 0.000000
vt 0.859872 -1.162508 0.000000
vt 0.847306 -1.180088 0.000000
vt 0.839475 -1.187895 0.000000
vt 0.820812 -1.198433 0.000000
vt 0.830882 -1.194064 0.000000
vt -0.891008 -1.059516 0.000000
vt -0.869438 -1.143043 0.000000
vt -0.859872 -1.162508 0.000000
vt -0.847306 -1.180088 0.000000
vt -0.839475 -1.187895 0.000000
vt -0.820812 -1.198433 0.000000
vt -0.830882 -1.194064 0.000000
vt -0.810000 -1.200000 0.000000
vt 0.810000 -1.200000 0.000000
vt 0.900000 1.200000 0.000000
vt -0.900000 1.200000 0.000000
vn 0.060513 -0.415517 0.907570
vn 0.120129 -0.412411 0.903043
vn -0.000000 -0.416598 0.909091
vn 0.232029 -0.400876 0.886263
vn 0.327579 -0.384960 0.862843
vn 0.414721 -0.365316 0.833397
vn 0.554142 -0.322840 0.767269
vn 0.500000 -0.244708 0.830733
vn 0.258819 -0.272936 0.926563
vn 0.258819 -0.137880 0.956034
vn -0.000000 -0.142744 0.989760
vn 0.000000 -0.000000 1.000000
vn 0.258819 -0.000000 0.965926
vn 0.500000 -0.123620 0.857157
vn 0.500000 -0.000000 0.866025
vn 0.707107 -0.100935 0.699866
vn 0.707107 -0.000000 0.707107
vn 0.866025 -0.071372 0.494880
vn 0.866025 0.000000 0.500000
vn 0.965926 -0.036945 0.256169
vn 0.965926 0.000000 0.258819
vn 1.000000 -0.000000 0.000000
vn 1.000000 -0.000000 0.000000
vn 0.660775 -0.279541 0.696587
vn 0.707107 -0.199803 0.678291
vn 0.899817 -0.132124 0.415780
vn 0.866025 -0.141282 0.479624
vn 0.984396 -0.039256 0.171532
vn 1.000000 -0.000000 0.000000
vn 1.000000 0.000000 0.000000
vn -0.000000 -0.282564 0.959248
vn 0.965926 -0.000000 0.258819
vn 0.965926 -0.000000 0.258819
vn 1.000000 -0.000000 -0.000000
vn 0.965926 -0.000000 0.258819
vn 0.965926 -0.000000 0.258819
vn 0.866025 -0.000000 0.500000
vn 0.707107 -0.000000 0.707107
vn 0.500000 -0.000000 0.866025
vn 0.258819 -0.000000 0.965926
vn 0.258819 -0.000000 0.965926
vn 0.000000 -0.000000 1.000000
vn 0.258819 -0.000000 0.965926
vn 0.258819 -0.000000 0.965926
vn 0.500000 -0.000000 0.866025
vn 0.500000 -0.000000 0.866025
vn 0.707107 -0.000000 0.707107
vn 0.707107 -0.000000 0.707107
vn 0.866025 -0.000000 0.500000
vn 0.866025 -0.000000 0.500000
vn 0.866025 -0.000000 0.500000
vn 0.707107 -0.000000 0.707107
vn 0.500000 -0.000000 0.866025
vn 0.000000 -0.416598 0.909091
vn 0.000000 -0.282564 0.959248
vn 0.000000 -0.142744 0.989760
vn 0.000000 -0.000000 1.000000
vn 0.000000 0.000000 1.000000
vn 0.000000 1.000000 -0.000000
vn 0.000000 1.000000 -0.000000
vn 0.000000 1.000000 -0.000000
vn 0.000000 1.000000 -0.000000
vn 0.000000 1.000000 -0.000000
vn 0.000000 1.000000 -0.000000
vn 0.000000 1.000000 -0.000000
vn 0.000000 1.000000 -0.000000
vn 0.000000 1.000000 -0.000000
vn 0.000000 1.000000 -0.000000
vn 0.000000 1.000000 -0.000000
vn 0.000000 1.000000 -0.000000
vn 0.000000 1.000000 -0.000000
vn 0.000000 1.000000 -0.000000
vn 0.000000 1.000000 -0.000000
vn 0.000000 1.000000 -0.000000
vn -0.258819 -0.000000 0.965926
vn -0.258819 -0.000000 0.965926
vn -0.258819 -0.000000 0.965926
vn -0.258819 -0.000000 0.965926
vn -0.258819 -0.000000 0.965926
vn -0.500000 -0.000000 0.866025
vn -0.500000 -0.000000 0.866025
vn -0.707107 -0.000000 0.707107
vn -0.707107 -0.000000 0.707107
vn -0.866025 -0.000000 0.500000
vn -0.866025 -0.000000 0.500000
vn -0.965926 -0.000000 0.258819
vn -0.965926 -0.000000 0.258819
vn -1.000000 -0.000000 -0.000000
vn -0.965926 -0.000000 0.258819
vn -1.000000 -0.000000 -0.000000
vn -0.965926 -0.000000 0.258819
vn -0.965926 -0.000000 0.258819
vn -0.866025 -0.000000 0.500000
vn -0.866025 -0.000000 0.500000
vn -0.707107 -0.000000 0.707107
vn -0.707107 -0.000000 0.707107
vn -0.500000 -0.000000 0.866025
vn -0.500000 -0.000000 0.866025
vn -0.500000 -0.000000 0.866025
vn -0.707107 -0.000000 0.707107
vn -0.866025 -0.000000 0.500000
vn -1.000000 -0.000000 0.000000
vn -1.000000 -0.000000 0.000000
vn -0.965926 -0.036945 0.256169
vn -0.984396 -0.039256 0.171532
vn -0.899817 -0.132124 0.415780
vn -0.660775 -0.279541 0.696587
vn -0.866025 -0.141282 0.479624
vn -0.866025 -0.071372 0.494880
vn -1.000000 -0.000000 0.000000
vn -0.554142 -0.322840 0.767269
vn -0.500000 -0.244708 0.830733
vn -0.707107 -0.199803 0.678291
vn -0.414721 -0.365316 0.833397
vn -0.258819 -0.272936 0.926563
vn -0.500000 -0.123620 0.857157
vn -0.258819 -0.137880 0.956034
vn -0.327579 -0.384960 0.862843
vn -0.232029 -0.400876 0.886263
vn -0.120129 -0.412411 0.903043
vn -0.060513 -0.415517 0.907570
vn -0.707107 -0.100935 0.699866
vn -1.000000 0.000000 0.000000
vn 1.000000 0.000000 -0.000000
vn -0.000000 0.000000 -1.000000
vn -0.000000 0.000000 -1.000000
vn -0.000000 0.000000 -1.000000
vn -0.000000 0.000000 -1.000000
vn -0.000000 0.000000 -1.000000
vn -0.000000 0.000000 -1.000000
vn -0.000000 0.000000 -1.000000
vn -0.000000 0.000000 -1.000000
vn -0.000000 0.000000 -1.000000
vn -0.000000 0.000000 -1.000000
vn -0.000000 0.000000 -1.000000
vn -0.000000 0.000000 -1.000000
vn -0.000000 0.000000 -1.000000
vn -0.000000 0.000000 -1.000000
vn -0.000000 0.000000 -1.000000
vn -0.000000 0.000000 -1.000000
vn -0.000000 0.000000 -1.000000
vn -0.000000 0.000000 -1.000000
vn -0.000000 0.000000 -1.000000
vn -0.000000 0.000000 -1.000000
vn -0.000000 0.000000 -1.000000
vn -0.000000 0.000000 -1.000000
vn -0.000000 0.000000 -1.000000
vn -0.000000 0.000000 -1.000000
f 62/109/90 63/110/91 61/111/92
f 61/111/92 63/110/91 64/112/93
f 61/111/92 64/112/93 65/113/94
f 66/114/95 67/115/96 65/113/94
f 65/113/94 67/115/96 85/116/97
f 65/113/94 85/116/97 86/117/98
f 86/117/98 85/116/97 91/118/99
f 86/117/98 91/118/99 81/119/100
f 81/119/100 91/118/99 80/120/101
f 80/120/101 91/118/99 79/121/102
f 79/121/102 91/118/99 90/122/103
f 79/121/102 90/122/103 78/123/104
f 78/123/104 90/122/103 89/124/105
f 78/123/104 89/124/105 77/125/106
f 77/125/106 89/124/105 88/126/107
f 77/125/106 88/126/107 76/127/108
f 76/127/108 88/126/107 87/128/109
f 76/127/108 87/128/109 75/129/110
f 75/129/110 87/128/109 72/130/111
f 75/129/110 72/130/111 73/131/112
f 67/115/96 68/132/113 85/116/97
f 85/116/97 68/132/113 84/133/114
f 85/116/97 84/133/114 90/122/103
f 90/122/103 84/133/114 89/124/105
f 68/132/113 69/134/115 84/133/114
f 84/133/114 69/134/115 83/135/116
f 84/133/114 83/135/116 89/124/105
f 89/124/105 83/135/116 88/126/107
f 69/134/115 70/136/117 83/135/116
f 83/135/116 70/136/117 88/126/107
f 88/126/107 70/136/117 87/128/109
f 87/128/109 70/136/117 71/137/118
f 87/128/109 71/137/118 72/130/111
f 73/131/112 74/138/119 75/129/110
f 81/119/100 82/139/120 86/117/98
f 86/117/98 82/139/120 61/111/92
f 86/117/98 61/111/92 65/113/94
f 91/118/99 85/116/97 90/122/103
f 93/140/121 99/141/122 92/142/123
f 92/142/123 99/141/122 100/143/124
f 92/142/123 100/143/124 74/144/119
f 74/144/119 100/143/124 101/145/125
f 74/144/119 101/145/125 75/146/110
f 75/146/110 101/145/125 76/147/108
f 76/147/108 101/145/125 104/148/126
f 76/147/108 104/148/126 77/149/106
f 77/149/106 104/148/126 107/150/127
f 77/149/106 107/150/127 78/151/104
f 78/151/104 107/150/127 110/152/128
f 78/151/104 110/152/128 79/153/102
f 79/153/102 110/152/128 113/154/129
f 79/153/102 113/154/129 80/155/101
f 80/155/101 113/154/129 112/156/130
f 80/155/101 112/156/130 98/157/131
f 98/157/131 112/156/130 111/158/132
f 98/157/131 111/158/132 97/159/133
f 97/159/133 111/158/132 96/160/134
f 96/160/134 111/158/132 108/161/135
f 96/160/134 108/161/135 95/162/136
f 95/162/136 108/161/135 105/163/137
f 95/162/136 105/163/137 94/164/138
f 94/164/138 105/163/137 102/165/139
f 94/164/138 102/165/139 93/140/121
f 93/140/121 102/165/139 99/141/122
f 104/148/126 101/145/125 100/143/124
f 100/143/124 99/141/122 103/166/140
f 103/166/140 99/141/122 102/165/139
f 103/166/140 102/165/139 106/167/141
f 106/167/141 102/165/139 105/163/137
f 106/167/141 105/163/137 109/168/142
f 109/168/142 105/163/137 108/161/135
f 109/168/142 108/161/135 112/156/130
f 112/156/130 108/161/135 111/158/132
f 107/150/127 104/148/126 103/166/140
f 103/166/140 104/148/126 100/143/124
f 107/150/127 103/166/140 106/167/141
f 110/152/128 107/150/127 106/167/141
f 110/152/128 106/167/141 109/168/142
f 113/154/129 110/152/128 109/168/142
f 113/154/129 109/168/142 112/156/130
f 117/169/143 61/170/92 116/171/144
f 116/171/144 61/170/92 82/172/120
f 116/171/144 82/172/120 115/173/145
f 115/173/145 82/172/120 81/174/100
f 115/173/145 81/174/100 114/175/146
f 114/175/146 81/174/100 80/176/101
f 98/177/131 118/178/147 80/179/101
f 80/179/101 118/178/147 114/180/146
f 97/181/148 96/182/149 98/183/150
f 98/183/150 96/182/149 125/184/151
f 98/183/150 125/184/151 118/185/152
f 118/185/152 125/184/151 126/186/153
f 125/184/151 96/182/149 124/187/154
f 124/187/154 96/182/149 95/188/155
f 124/187/154 95/188/155 123/189/156
f 123/189/156 95/188/155 94/190/157
f 123/189/156 94/190/157 122/191/158
f 122/191/158 94/190/157 93/192/159
f 122/191/158 93/192/159 121/193/160
f 121/193/160 93/192/159 92/194/161
f 121/193/160 92/194/161 120/195/162
f 120/195/162 92/194/161 119/196/163
f 126/197/164 133/198/165 118/199/147
f 118/199/147 133/198/165 134/200/166
f 118/199/147 134/200/166 114/201/146
f 114/201/146 134/200/166 135/202/167
f 114/201/146 135/202/167 132/203/168
f 132/203/168 135/202/167 131/204/169
f 131/204/169 135/202/167 138/205/170
f 131/204/169 138/205/170 130/206/171
f 130/206/171 138/205/170 141/207/172
f 130/206/171 141/207/172 129/208/173
f 129/208/173 141/207/172 144/209/174
f 129/208/173 144/209/174 128/210/175
f 128/210/175 144/209/174 147/211/176
f 128/210/175 147/211/176 127/212/177
f 127/212/177 147/211/176 146/213/178
f 127/212/177 146/213/178 121/214/179
f 121/214/179 146/213/178 145/215/180
f 121/214/179 145/215/180 122/216/181
f 122/216/181 145/215/180 123/217/182
f 123/217/182 145/215/180 142/218/183
f 123/217/182 142/218/183 124/219/184
f 124/219/184 142/218/183 139/220/185
f 124/219/184 139/220/185 125/221/186
f 125/221/186 139/220/185 136/222/187
f 125/221/186 136/222/187 126/197/164
f 126/197/164 136/222/187 133/198/165
f 138/205/170 135/202/167 134/200/166
f 134/200/166 133/198/165 137/223/188
f 137/223/188 133/198/165 136/222/187
f 137/223/188 136/222/187 140/224/189
f 140/224/189 136/222/187 139/220/185
f 140/224/189 139/220/185 143/225/190
f 143/225/190 139/220/185 142/218/183
f 143/225/190 142/218/183 146/213/178
f 146/213/178 142/218/183 145/215/180
f 141/207/172 138/205/170 137/223/188
f 137/223/188 138/205/170 134/200/166
f 141/207/172 137/223/188 140/224/189
f 144/209/174 141/207/172 140/224/189
f 144/209/174 140/224/189 143/225/190
f 147/211/176 144/209/174 143/225/190
f 147/211/176 143/225/190 146/213/178
f 159/226/191 148/227/192 160/228/193
f 160/228/193 148/227/192 149/229/194
f 160/228/193 149/229/194 150/230/195
f 151/231/196 165/232/197 150/230/195
f 150/230/195 165/232/197 161/233/198
f 150/230/195 161/233/198 160/228/193
f 160/228/193 161/233/198 128/234/175
f 160/228/193 128/234/175 159/226/191
f 159/226/191 128/234/175 158/235/199
f 158/235/199 128/234/175 127/236/177
f 152/237/200 167/238/201 151/231/196
f 151/231/196 167/238/201 166/239/202
f 151/231/196 166/239/202 165/232/197
f 165/232/197 166/239/202 161/233/198
f 152/237/200 153/240/203 167/238/201
f 167/238/201 153/240/203 168/241/204
f 167/238/201 168/241/204 163/242/205
f 163/242/205 168/241/204 164/243/206
f 163/242/205 164/243/206 131/244/169
f 131/244/169 164/243/206 132/245/168
f 132/245/168 164/243/206 115/246/145
f 132/245/168 115/246/145 114/247/146
f 153/240/203 154/248/207 168/241/204
f 168/241/204 154/248/207 155/249/208
f 168/241/204 155/249/208 156/250/209
f 168/241/204 156/250/209 116/251/144
f 116/251/144 156/250/209 157/252/210
f 116/251/144 157/252/210 117/253/143
f 168/241/204 116/251/144 164/243/206
f 164/243/206 116/251/144 115/246/145
f 131/244/169 130/254/171 163/242/205
f 163/242/205 130/254/171 162/255/211
f 163/242/205 162/255/211 167/238/201
f 167/238/201 162/255/211 166/239/202
f 130/254/171 129/256/173 162/255/211
f 162/255/211 129/256/173 161/233/198
f 162/255/211 161/233/198 166/239/202
f 129/256/173 128/234/175 161/233/198
f 148/257/192 159/258/191 120/259/212
f 120/259/212 159/258/191 121/260/179
f 121/260/179 159/258/191 158/261/199
f 121/260/179 158/261/199 127/262/177
f 74/263/119 73/264/112 92/265/123
f 92/265/123 73/264/112 72/266/111
f 92/265/123 72/266/111 119/267/213
f 119/267/213 72/266/111 71/268/118
f 70/269/214 62/270/215 71/271/216
f 71/271/216 62/270/215 157/272/217
f 71/271/216 157/272/217 148/273/218
f 148/273/218 157/272/217 149/274/219
f 149/274/219 157/272/217 150/275/220
f 150/275/220 157/272/217 151/276/221
f 151/276/221 157/272/217 152/277/222
f 152/277/222 157/272/217 153/278/223
f 153/278/223 157/272/217 154/279/224
f 154/279/224 157/272/217 156/280/225
f 154/279/224 156/280/225 155/281/226
f 70/269/214 69/282/227 62/270/215
f 62/270/215 69/282/227 68/283/228
f 62/270/215 68/283/228 67/284/229
f 67/284/229 66/285/230 62/270/215
f 62/270/215 66/285/230 65/286/231
f 62/270/215 65/286/231 63/287/232
f 63/287/232 65/286/231 64/288/233
f 61/289/234 117/290/235 62/270/215
f 62/270/215 117/290/235 157/272/217
f 120/291/236 119/292/237 148/273/218
f 148/273/218 119/292/237 71/271/216
g Body3

v 4.190000 2.400000 0.100000
v 4.166706 2.400000 0.096933
v 4.145000 2.400000 0.087942
v 4.126360 2.400000 0.073640
v 4.112058 2.400000 0.055000
v 4.103067 2.400000 0.033294
v 4.100000 2.400000 0.010000
v 4.100000 0.458258 0.010000
v 4.103067 0.458258 0.033294
v 4.112058 0.458258 0.055000
v 4.126360 0.458258 0.073640
v 4.145000 0.458258 0.087942
v 4.166706 0.458258 0.096933
v 4.190000 0.458258 0.100000
v 4.166706 1.914564 0.096933
v 4.166706 1.429129 0.096933
v 4.166706 0.943693 0.096933
v 4.145000 1.914564 0.087942
v 4.145000 1.429129 0.087942
v 4.145000 0.943693 0.087942
v 4.126360 1.914564 0.073640
v 4.126360 1.429129 0.073640
v 4.126360 0.943693 0.073640
v 4.112058 1.914564 0.055000
v 4.112058 1.429129 0.055000
v 4.112058 0.943693 0.055000
v 4.103067 1.914564 0.033294
v 4.103067 1.429129 0.033294
v 4.103067 0.943693 0.033294
v 4.100000 0.316483 0.000000
v 4.101313 0.229401 0.000000
v 4.108992 0.140484 0.000000
v 4.130562 0.056957 0.000000
v 4.140128 0.037492 0.000000
v 4.152694 0.019912 0.000000
v 4.160525 0.012105 0.000000
v 4.169118 0.005936 0.000000
v 4.179188 0.001567 0.000000
v 4.184555 0.000423 0.000000
v 4.190000 0.000000 0.000000
v 4.190000 0.147437 0.055173
v 4.190000 0.301239 0.088736
v 4.100000 0.410860 0.008887
v 4.100000 0.363567 0.005551
v 4.103067 0.310761 0.022712
v 4.112058 0.307663 0.044196
v 4.126360 0.305002 0.062645
v 4.145000 0.302960 0.076801
v 4.166706 0.301677 0.085700
v 4.112058 0.160152 0.012007
v 4.126360 0.154885 0.029887
v 4.145000 0.150844 0.043607
v 4.166706 0.148303 0.052231
v 4.100000 2.400000 0.000000
v 5.900000 2.400000 0.100000
v 5.900000 2.400000 0.000000
v 5.900000 0.458258 0.100000
v 5.900000 0.000000 0.000000
v 5.900000 0.147437 0.055173
v 5.900000 0.301239 0.088736
vt 0.600000 -0.047124 0.000000
vt 0.114564 -0.047124 0.000000
vt 0.600000 -0.070686 0.000000
vt -0.370871 -0.047124 0.000000
vt -1.341742 -0.070686 0.000000
vt -0.856307 -0.047124 0.000000
vt -1.341742 -0.047124 0.000000
vt -1.341742 -0.023562 0.000000
vt -0.856307 -0.023562 0.000000
vt -1.341742 0.000000 0.000000
vt -0.856307 0.000000 0.000000
vt -1.341742 0.023562 0.000000
vt -0.856307 0.023562 0.000000
vt -1.341742 0.047124 0.000000
vt -0.856307 0.047124 0.000000
vt -1.341742 0.070686 0.000000
vt -0.370871 0.047124 0.000000
vt 0.600000 0.070686 0.000000
vt 0.114564 0.047124 0.000000
vt 0.600000 0.047124 0.000000
vt 0.600000 0.023562 0.000000
vt 0.114564 0.023562 0.000000
vt 0.600000 0.000000 0.000000
vt 0.114564 0.000000 0.000000
vt 0.600000 -0.023562 0.000000
vt 0.114564 -0.023562 0.000000
vt -0.370871 -0.023562 0.000000
vt -0.370871 0.000000 0.000000
vt -0.370871 0.023562 0.000000
vt 0.141372 -3.272134 0.000000
vt 0.141372 -3.221731 0.000000
vt 0.117810 -3.219157 0.000000
vt 0.125452 -3.131389 0.000000
vt 0.100741 -3.042599 0.000000
vt 0.064967 -2.963208 0.000000
vt 0.094248 -3.065377 0.000000
vt 0.094248 -3.219157 0.000000
vt 0.117810 -3.372938 0.000000
vt 0.141372 -3.322536 0.000000
vt 0.141372 -3.372938 0.000000
vt 0.052860 -2.945330 0.000000
vt 0.047124 -3.065377 0.000000
vt 0.070686 -3.065377 0.000000
vt 0.038487 -2.929397 0.000000
vt 0.023562 -3.065377 0.000000
vt 0.047124 -3.219157 0.000000
vt 0.023562 -3.219157 0.000000
vt 0.047124 -3.372938 0.000000
vt 0.023562 -3.372938 0.000000
vt -0.000000 -3.219157 0.000000
vt -0.000000 -3.372938 0.000000
vt 0.030037 -2.922385 0.000000
vt 0.021075 -2.916875 0.000000
vt 0.010838 -2.912987 0.000000
vt -0.000000 -3.065377 0.000000
vt 0.005449 -2.911971 0.000000
vt -0.000000 -2.911596 0.000000
vt 0.070686 -3.372938 0.000000
vt 0.070686 -3.219157 0.000000
vt 0.094248 -3.372938 0.000000
vt 2.083517 0.000000 0.000000
vt 2.036433 0.005551 0.000000
vt -0.000000 0.000000 0.000000
vt -0.000000 0.010000 0.000000
vt 1.989140 0.008887 0.000000
vt 1.941742 0.010000 0.000000
vt 1.800000 0.000000 0.000000
vt 1.800000 0.010000 0.000000
vt 0.000000 0.000000 0.000000
vt 1.796933 0.033294 0.000000
vt 1.787942 0.055000 0.000000
vt 0.000000 0.100000 0.000000
vt 1.773640 0.073640 0.000000
vt 1.755000 0.087942 0.000000
vt 1.733294 0.096933 0.000000
vt 1.710000 0.100000 0.000000
vt -0.810000 -0.741742 0.000000
vt 0.900000 -0.741742 0.000000
vt -0.810000 1.200000 0.000000
vt 0.900000 1.200000 0.000000
vt 5.900000 0.472670 0.000000
vt 4.190000 0.472670 0.000000
vt 5.900000 0.315113 0.000000
vt 4.190000 0.315113 0.000000
vt 5.900000 0.157557 0.000000
vt 4.190000 0.157557 0.000000
vt 5.900000 0.000000 0.000000
vt 4.190000 0.000000 0.000000
vt 0.458258 0.100000 0.000000
vt 0.301239 0.088736 0.000000
vt 2.400000 0.100000 0.000000
vt 0.147437 0.055173 0.000000
vt 2.400000 0.000000 0.000000
vt 0.000000 0.000000 0.000000
vt 0.815445 -1.199577 0.000000
vt 0.839475 -1.187895 0.000000
vt 0.810000 -1.200000 0.000000
vt 0.847306 -1.180088 0.000000
vt 0.859872 -1.162508 0.000000
vt 0.820812 -1.198433 0.000000
vt 0.830882 -1.194064 0.000000
vt 0.869438 -1.143043 0.000000
vt 0.891008 -1.059516 0.000000
vt 0.898687 -0.970599 0.000000
vt 0.900000 -0.883517 0.000000
vt -0.900000 -1.200000 0.000000
vt -0.900000 1.200000 0.000000
vt 0.900000 1.200000 0.000000
vn -0.258819 -0.000000 0.965926
vn -0.258819 -0.000000 0.965926
vn -0.000000 -0.000000 1.000000
vn -0.258819 -0.000000 0.965926
vn -0.000000 -0.000000 1.000000
vn -0.258819 -0.000000 0.965926
vn -0.258819 -0.000000 0.965926
vn -0.500000 -0.000000 0.866025
vn -0.500000 -0.000000 0.866025
vn -0.707107 -0.000000 0.707107
vn -0.707107 -0.000000 0.707107
vn -0.866025 -0.000000 0.500000
vn -0.866025 -0.000000 0.500000
vn -0.965926 -0.000000 0.258819
vn -0.965926 -0.000000 0.258819
vn -1.000000 -0.000000 -0.000000
vn -0.965926 -0.000000 0.258819
vn -1.000000 -0.000000 -0.000000
vn -0.965926 -0.000000 0.258819
vn -0.965926 -0.000000 0.258819
vn -0.866025 -0.000000 0.500000
vn -0.866025 -0.000000 0.500000
vn -0.707107 -0.000000 0.707107
vn -0.707107 -0.000000 0.707107
vn -0.500000 -0.000000 0.866025
vn -0.500000 -0.000000 0.866025
vn -0.500000 -0.000000 0.866025
vn -0.707107 -0.000000 0.707107
vn -0.866025 -0.000000 0.500000
vn -1.000000 -0.000000 0.000000
vn -1.000000 -0.000000 0.000000
vn -0.965926 -0.036945 0.256169
vn -0.984396 -0.039256 0.171532
vn -0.899817 -0.132124 0.415780
vn -0.660775 -0.279541 0.696587
vn -0.866025 -0.141282 0.479624
vn -0.866025 -0.071372 0.494880
vn -1.000000 -0.000000 0.000000
vn -0.554142 -0.322840 0.767269
vn -0.500000 -0.244708 0.830733
vn -0.707107 -0.199803 0.678291
vn -0.414721 -0.365316 0.833397
vn -0.258819 -0.272936 0.926563
vn -0.500000 -0.123620 0.857157
vn -0.258819 -0.137880 0.956034
vn 0.000000 -0.142744 0.989760
vn -0.327579 -0.384960 0.862843
vn -0.232029 -0.400876 0.886263
vn -0.120129 -0.412411 0.903043
vn 0.000000 -0.282564 0.959248
vn -0.060513 -0.415517 0.907570
vn 0.000000 -0.416598 0.909091
vn -0.707107 -0.100935 0.699866
vn -1.000000 0.000000 0.000000
vn -0.000000 1.000000 0.000000
vn -0.000000 1.000000 0.000000
vn -0.000000 1.000000 0.000000
vn -0.000000 1.000000 0.000000
vn -0.000000 1.000000 0.000000
vn -0.000000 1.000000 0.000000
vn -0.000000 1.000000 0.000000
vn -0.000000 1.000000 0.000000
vn -0.000000 1.000000 0.000000
vn -0.000000 1.000000 0.000000
vn 0.000000 0.000000 1.000000
vn 0.000000 0.000000 1.000000
vn 0.000000 -0.142744 0.989760
vn 0.000000 -0.282564 0.959248
vn 0.000000 -0.416598 0.909091
vn 1.000000 0.000000 0.000000
vn 1.000000 0.000000 0.000000
vn 1.000000 0.000000 0.000000
vn 1.000000 0.000000 0.000000
vn 1.000000 0.000000 0.000000
vn 1.000000 0.000000 0.000000
vn -0.000000 -0.000000 -1.000000
vn -0.000000 -0.000000 -1.000000
vn -0.000000 -0.000000 -1.000000
vn -0.000000 -0.000000 -1.000000
vn -0.000000 -0.000000 -1.000000
vn -0.000000 -0.000000 -1.000000
vn -0.000000 -0.000000 -1.000000
vn -0.000000 -0.000000 -1.000000
vn -0.000000 -0.000000 -1.000000
vn -0.000000 -0.000000 -1.000000
vn -0.000000 -0.000000 -1.000000
vn -0.000000 -0.000000 -1.000000
vn -0.000000 -0.000000 -1.000000
vn -0.000000 -0.000000 -1.000000
f 170/293/238 183/294/239 169/295/240
f 169/295/240 183/294/239 184/296/241
f 169/295/240 184/296/241 182/297/242
f 182/297/242 184/296/241 185/298/243
f 182/297/242 185/298/243 181/299/244
f 181/299/244 185/298/243 180/300/245
f 180/300/245 185/298/243 188/301/246
f 180/300/245 188/301/246 179/302/247
f 179/302/247 188/301/246 191/303/248
f 179/302/247 191/303/248 178/304/249
f 178/304/249 191/303/248 194/305/250
f 178/304/249 194/305/250 177/306/251
f 177/306/251 194/305/250 197/307/252
f 177/306/251 197/307/252 176/308/253
f 176/308/253 197/307/252 196/309/254
f 176/308/253 196/309/254 175/310/255
f 175/310/255 196/309/254 195/311/256
f 175/310/255 195/311/256 174/312/257
f 174/312/257 195/311/256 173/313/258
f 173/313/258 195/311/256 192/314/259
f 173/313/258 192/314/259 172/315/260
f 172/315/260 192/314/259 189/316/261
f 172/315/260 189/316/261 171/317/262
f 171/317/262 189/316/261 186/318/263
f 171/317/262 186/318/263 170/293/238
f 170/293/238 186/318/263 183/294/239
f 188/301/246 185/298/243 184/296/241
f 184/296/241 183/294/239 187/319/264
f 187/319/264 183/294/239 186/318/263
f 187/319/264 186/318/263 190/320/265
f 190/320/265 186/318/263 189/316/261
f 190/320/265 189/316/261 193/321/266
f 193/321/266 189/316/261 192/314/259
f 193/321/266 192/314/259 196/309/254
f 196/309/254 192/314/259 195/311/256
f 191/303/248 188/301/246 187/319/264
f 187/319/264 188/301/246 184/296/241
f 191/303/248 187/319/264 190/320/265
f 194/305/250 191/303/248 190/320/265
f 194/305/250 190/320/265 193/321/266
f 197/307/252 194/305/250 193/321/266
f 197/307/252 193/321/266 196/309/254
f 212/322/267 198/323/268 213/324/269
f 213/324/269 198/323/268 199/325/270
f 213/324/269 199/325/270 200/326/271
f 201/327/272 218/328/273 200/326/271
f 200/326/271 218/328/273 214/329/274
f 200/326/271 214/329/274 213/324/269
f 213/324/269 214/329/274 177/330/251
f 213/324/269 177/330/251 212/322/267
f 212/322/267 177/330/251 211/331/275
f 211/331/275 177/330/251 176/332/253
f 202/333/276 220/334/277 201/327/272
f 201/327/272 220/334/277 219/335/278
f 201/327/272 219/335/278 218/328/273
f 218/328/273 219/335/278 214/329/274
f 202/333/276 203/336/279 220/334/277
f 220/334/277 203/336/279 221/337/280
f 220/334/277 221/337/280 216/338/281
f 216/338/281 221/337/280 217/339/282
f 216/338/281 217/339/282 180/340/245
f 180/340/245 217/339/282 181/341/244
f 181/341/244 217/339/282 210/342/283
f 181/341/244 210/342/283 182/343/242
f 203/336/279 204/344/284 221/337/280
f 221/337/280 204/344/284 205/345/285
f 221/337/280 205/345/285 206/346/286
f 221/337/280 206/346/286 209/347/287
f 209/347/287 206/346/286 207/348/288
f 209/347/287 207/348/288 208/349/289
f 221/337/280 209/347/287 217/339/282
f 217/339/282 209/347/287 210/342/283
f 180/340/245 179/350/247 216/338/281
f 216/338/281 179/350/247 215/351/290
f 216/338/281 215/351/290 220/334/277
f 220/334/277 215/351/290 219/335/278
f 179/350/247 178/352/249 215/351/290
f 215/351/290 178/352/249 214/329/274
f 215/351/290 214/329/274 219/335/278
f 178/352/249 177/330/251 214/329/274
f 198/353/268 212/354/267 222/355/291
f 222/355/291 212/354/267 175/356/255
f 175/356/255 212/354/267 211/357/275
f 175/356/255 211/357/275 176/358/253
f 222/359/292 175/360/293 224/361/294
f 224/361/294 175/360/293 174/362/295
f 224/361/294 174/362/295 173/363/296
f 224/361/294 173/363/296 223/364/297
f 223/364/297 173/363/296 172/365/298
f 223/364/297 172/365/298 171/366/299
f 170/367/300 169/368/301 171/366/299
f 171/366/299 169/368/301 223/364/297
f 182/369/242 225/370/302 169/371/240
f 169/371/240 225/370/302 223/372/303
f 225/373/302 182/374/242 228/375/304
f 228/375/304 182/374/242 210/376/283
f 228/375/304 210/376/283 227/377/305
f 227/377/305 210/376/283 209/378/287
f 227/377/305 209/378/287 226/379/306
f 226/379/306 209/378/287 208/380/289
f 225/381/307 228/382/308 223/383/309
f 223/383/309 228/382/308 227/384/310
f 223/383/309 227/384/310 224/385/311
f 224/385/311 227/384/310 226/386/312
f 207/387/313 204/388/314 208/389/315
f 208/389/315 204/388/314 203/390/316
f 208/389/315 203/390/316 202/391/317
f 207/387/313 206/392/318 204/388/314
f 204/388/314 206/392/318 205/393/319
f 202/391/317 201/394/320 208/389/315
f 208/389/315 201/394/320 200/395/321
f 208/389/315 200/395/321 199/396/322
f 199/396/322 198/397/323 208/389/315
f 208/389/315 198/397/323 226/398/324
f 226/398/324 198/397/323 224/399/325
f 224/399/325 198/397/323 222/400/326
g Body4

v -0.100000 0.100000 0.000000
v -0.096593 0.074118 0.000000
v -0.086603 0.050000 0.000000
v -0.070711 0.029289 0.000000
v -0.050000 0.013397 0.000000
v -0.025882 0.003407 0.000000
v 0.000000 0.000000 0.000000
v 0.025882 0.003407 0.000000
v 0.050000 0.013397 0.000000
v 0.070711 0.029289 0.000000
v 0.086603 0.050000 0.000000
v 0.096593 0.074118 0.000000
v 0.100000 0.100000 0.000000
v 0.096593 0.100000 0.025882
v 0.086603 0.100000 0.050000
v 0.070711 0.100000 0.070711
v 0.050000 0.100000 0.086603
v 0.025882 0.100000 0.096593
v 0.000000 0.100000 0.100000
v -0.025882 0.100000 0.096593
v -0.050000 0.100000 0.086603
v -0.070711 0.100000 0.070711
v -0.086603 0.100000 0.050000
v -0.096593 0.100000 0.025882
v 0.096593 0.075000 0.006699
v 0.086603 0.051704 0.012941
v 0.070711 0.031699 0.018301
v 0.050000 0.016348 0.022414
v 0.025882 0.006699 0.025000
v 0.000000 0.003407 0.025882
v -0.025882 0.006699 0.025000
v -0.050000 0.016348 0.022414
v -0.070711 0.031699 0.018301
v -0.086603 0.051704 0.012941
v -0.096593 0.075000 0.006699
v -0.096593 0.093301 0.025000
v -0.086603 0.087059 0.048296
v -0.070711 0.081699 0.068301
v -0.050000 0.077586 0.083652
v -0.025882 0.075000 0.093301
v 0.000000 0.074118 0.096593
v 0.025882 0.075000 0.093301
v 0.050000 0.077586 0.083652
v 0.070711 0.081699 0.068301
v 0.086603 0.087059 0.048296
v 0.096593 0.093301 0.025000
v 0.096593 0.077586 0.012941
v 0.086603 0.056699 0.025000
v 0.070711 0.038763 0.035355
v 0.050000 0.025000 0.043301
v 0.025882 0.016348 0.048296
v 0.000000 0.013397 0.050000
v -0.025882 0.016348 0.048296
v -0.050000 0.025000 0.043301
v -0.070711 0.038763 0.035355
v -0.086603 0.056699 0.025000
v -0.096593 0.077586 0.012941
v 0.096593 0.081699 0.018301
v 0.086603 0.064645 0.035355
v 0.070711 0.050000 0.050000
v 0.050000 0.038763 0.061237
v 0.025882 0.031699 0.068301
v 0.000000 0.029289 0.070711
v -0.025882 0.031699 0.068301
v -0.050000 0.038763 0.061237
v -0.070711 0.050000 0.050000
v -0.086603 0.064645 0.035355
v -0.096593 0.081699 0.018301
v 0.096593 0.087059 0.022414
v 0.086603 0.075000 0.043301
v 0.070711 0.064645 0.061237
v 0.050000 0.056699 0.075000
v 0.025882 0.051704 0.083652
v 0.000000 0.050000 0.086603
v -0.025882 0.051704 0.083652
v -0.050000 0.056699 0.075000
v -0.070711 0.064645 0.061237
v -0.086603 0.075000 0.043301
v -0.096593 0.087059 0.022414
v -0.100000 2.600000 0.000000
v 6.100000 2.600000 0.000000
v 6.100000 0.100000 0.000000
v 6.096593 0.074118 0.000000
v 6.086603 0.050000 0.000000
v 6.070711 0.029289 0.000000
v 6.050000 0.013397 0.000000
v 6.025882 0.003407 0.000000
v 6.000000 0.000000 0.000000
v 5.900000 0.000000 0.000000
v 5.900000 2.400000 0.000000
v 4.100000 2.400000 0.000000
v 4.100000 0.100000 0.000000
v 4.096593 0.074118 0.000000
v 4.086603 0.050000 0.000000
v 4.070711 0.029289 0.000000
v 4.050000 0.013397 0.000000
v 4.025882 0.003407 0.000000
v 4.000000 0.000000 0.000000
v 3.900000 0.000000 0.000000
v 3.900000 2.400000 0.000000
v 2.100000 2.400000 0.000000
v 2.100000 0.100000 0.000000
v 2.096593 0.074118 0.000000
v 2.086603 0.050000 0.000000
v 2.070711 0.029289 0.000000
v 2.050000 0.013397 0.000000
v 2.025882 0.003407 0.000000
v 2.000000 0.000000 0.000000
v 1.974118 0.003407 0.000000
v 1.950000 0.013397 0.000000
v 1.929289 0.029289 0.000000
v 1.913397 0.050000 0.000000
v 1.903407 0.074118 0.000000
v 1.900000 0.100000 0.000000
v 1.900000 2.400000 0.000000
v 0.100000 2.400000 0.000000
v 0.096593 2.400000 0.025882
v 0.086603 2.400000 0.050000
v 0.070711 2.400000 0.070711
v 0.050000 2.400000 0.086603
v 0.025882 2.400000 0.096593
v 0.000000 2.400000 0.100000
v 0.000000 2.600000 0.100000
v -0.025882 2.600000 0.096593
v -0.050000 2.600000 0.086603
v -0.070711 2.600000 0.070711
v -0.086603 2.600000 0.050000
v -0.096593 2.600000 0.025882
v -0.096593 0.600000 0.025882
v -0.096593 1.100000 0.025882
v -0.096593 1.600000 0.025882
v -0.096593 2.100000 0.025882
v -0.086603 0.600000 0.050000
v -0.086603 1.100000 0.050000
v -0.086603 1.600000 0.050000
v -0.086603 2.100000 0.050000
v -0.070711 0.600000 0.070711
v -0.070711 1.100000 0.070711
v -0.070711 1.600000 0.070711
v -0.070711 2.100000 0.070711
v -0.050000 0.600000 0.086603
v -0.050000 1.100000 0.086603
v -0.050000 1.600000 0.086603
v -0.050000 2.100000 0.086603
v -0.025882 0.600000 0.096593
v -0.025882 1.100000 0.096593
v -0.025882 1.600000 0.096593
v -0.025882 2.100000 0.096593
v 0.000000 0.600000 0.100000
v 0.000000 1.100000 0.100000
v 0.000000 1.600000 0.100000
v 0.000000 2.100000 0.100000
v 0.025882 0.600000 0.096593
v 0.025882 1.100000 0.096593
v 0.025882 1.600000 0.096593
v 0.025882 2.100000 0.096593
v 0.050000 0.600000 0.086603
v 0.050000 1.100000 0.086603
v 0.050000 1.600000 0.086603
v 0.050000 2.100000 0.086603
v 0.070711 0.600000 0.070711
v 0.070711 1.100000 0.070711
v 0.070711 1.600000 0.070711
v 0.070711 2.100000 0.070711
v 0.086603 0.600000 0.050000
v 0.086603 1.100000 0.050000
v 0.086603 1.600000 0.050000
v 0.086603 2.100000 0.050000
v 0.096593 0.600000 0.025882
v 0.096593 1.100000 0.025882
v 0.096593 1.600000 0.025882
v 0.096593 2.100000 0.025882
v 6.000000 2.600000 0.100000
v 6.025882 2.600000 0.096593
v 6.050000 2.600000 0.086603
v 6.070711 2.600000 0.070711
v 6.086603 2.600000 0.050000
v 6.096593 2.600000 0.025882
v 2.000000 2.400000 0.100000
v 4.000000 2.400000 0.100000
v 6.000000 2.400000 0.100000
v 6.096593 0.100000 0.025882
v 6.086603 0.100000 0.050000
v 6.070711 0.100000 0.070711
v 6.050000 0.100000 0.086603
v 6.025882 0.100000 0.096593
v 6.000000 0.100000 0.100000
v 6.000000 0.074118 0.096593
v 6.000000 0.050000 0.086603
v 6.000000 0.029289 0.070711
v 6.000000 0.013397 0.050000
v 6.000000 0.003407 0.025882
v 6.015391 0.081426 0.097047
v 6.025449 0.023758 0.059494
v 6.049540 0.030334 0.051888
v 6.070255 0.041657 0.040746
v 6.086183 0.056956 0.026828
v 6.096237 0.075189 0.011081
v 6.096237 0.088919 0.024811
v 6.086183 0.073172 0.043044
v 6.070255 0.059254 0.058343
v 6.049540 0.048112 0.069666
v 6.025449 0.040506 0.076242
v 6.082867 0.092187 0.055426
v 6.066657 0.079888 0.071780
v 6.045904 0.068959 0.083242
v 6.022023 0.060146 0.089032
v 6.038864 0.091547 0.091750
v 6.022023 0.010968 0.039854
v 6.045904 0.016758 0.031041
v 6.066657 0.028220 0.020112
v 6.082867 0.044574 0.007813
v 6.015391 0.002953 0.018574
v 6.038864 0.008250 0.008453
v 5.980491 0.080491 0.098079
v 5.961732 0.061732 0.092388
v 5.944443 0.044443 0.083147
v 5.929289 0.029289 0.070711
v 5.916853 0.016853 0.055557
v 5.907612 0.007612 0.038268
v 5.901921 0.001921 0.019509
v 5.900482 0.000482 0.009802
v 5.974118 2.400000 0.096593
v 5.950000 2.400000 0.086603
v 5.929289 2.400000 0.070711
v 5.913397 2.400000 0.050000
v 5.903407 2.400000 0.025882
v 5.903407 0.520000 0.025882
v 5.903407 1.040000 0.025882
v 5.903407 1.560000 0.025882
v 5.903407 2.080000 0.025882
v 5.913397 0.520000 0.050000
v 5.913397 1.040000 0.050000
v 5.913397 1.560000 0.050000
v 5.913397 2.080000 0.050000
v 5.929289 0.520000 0.070711
v 5.929289 1.040000 0.070711
v 5.929289 1.560000 0.070711
v 5.929289 2.080000 0.070711
v 5.950000 0.520000 0.086603
v 5.950000 1.040000 0.086603
v 5.950000 1.560000 0.086603
v 5.950000 2.080000 0.086603
v 5.974118 0.520000 0.096593
v 5.974118 1.040000 0.096593
v 5.974118 1.560000 0.096593
v 5.974118 2.080000 0.096593
v 6.000000 0.520000 0.100000
v 6.000000 1.040000 0.100000
v 6.000000 1.560000 0.100000
v 6.000000 2.080000 0.100000
v 6.025882 0.520000 0.096593
v 6.025882 1.040000 0.096593
v 6.025882 1.560000 0.096593
v 6.025882 2.080000 0.096593
v 6.050000 0.520000 0.086603
v 6.050000 1.040000 0.086603
v 6.050000 1.560000 0.086603
v 6.050000 2.080000 0.086603
v 6.070711 0.520000 0.070711
v 6.070711 1.040000 0.070711
v 6.070711 1.560000 0.070711
v 6.070711 2.080000 0.070711
v 6.086603 0.520000 0.050000
v 6.086603 1.040000 0.050000
v 6.086603 1.560000 0.050000
v 6.086603 2.080000 0.050000
v 6.096593 0.520000 0.025882
v 6.096593 1.040000 0.025882
v 6.096593 1.560000 0.025882
v 6.096593 2.080000 0.025882
v 2.096593 0.100000 0.025882
v 2.086603 0.100000 0.050000
v 2.070711 0.100000 0.070711
v 2.050000 0.100000 0.086603
v 2.025882 0.100000 0.096593
v 2.000000 0.100000 0.100000
v 1.974118 0.100000 0.096593
v 1.950000 0.100000 0.086603
v 1.929289 0.100000 0.070711
v 1.913397 0.100000 0.050000
v 1.903407 0.100000 0.025882
v 2.096593 0.075000 0.006699
v 2.086603 0.051704 0.012941
v 2.070711 0.031699 0.018301
v 2.050000 0.016348 0.022414
v 2.025882 0.006699 0.025000
v 2.000000 0.003407 0.025882
v 1.974118 0.006699 0.025000
v 1.950000 0.016348 0.022414
v 1.929289 0.031699 0.018301
v 1.913397 0.051704 0.012941
v 1.903407 0.075000 0.006699
v 1.903407 0.093301 0.025000
v 1.913397 0.087059 0.048296
v 1.929289 0.081699 0.068301
v 1.950000 0.077586 0.083652
v 1.974118 0.075000 0.093301
v 2.000000 0.074118 0.096593
v 2.025882 0.075000 0.093301
v 2.050000 0.077586 0.083652
v 2.070711 0.081699 0.068301
v 2.086603 0.087059 0.048296
v 2.096593 0.093301 0.025000
v 2.096593 0.077586 0.012941
v 2.086603 0.056699 0.025000
v 2.070711 0.038763 0.035355
v 2.050000 0.025000 0.043301
v 2.025882 0.016348 0.048296
v 2.000000 0.013397 0.050000
v 1.974118 0.016348 0.048296
v 1.950000 0.025000 0.043301
v 1.929289 0.038763 0.035355
v 1.913397 0.056699 0.025000
v 1.903407 0.077586 0.012941
v 2.096593 0.081699 0.018301
v 2.086603 0.064645 0.035355
v 2.070711 0.050000 0.050000
v 2.050000 0.038763 0.061237
v 2.025882 0.031699 0.068301
v 2.000000 0.029289 0.070711
v 1.974118 0.031699 0.068301
v 1.950000 0.038763 0.061237
v 1.929289 0.050000 0.050000
v 1.913397 0.064645 0.035355
v 1.903407 0.081699 0.018301
v 2.096593 0.087059 0.022414
v 2.086603 0.075000 0.043301
v 2.070711 0.064645 0.061237
v 2.050000 0.056699 0.075000
v 2.025882 0.051704 0.083652
v 2.000000 0.050000 0.086603
v 1.974118 0.051704 0.083652
v 1.950000 0.056699 0.075000
v 1.929289 0.064645 0.061237
v 1.913397 0.075000 0.043301
v 1.903407 0.087059 0.022414
v 2.096593 2.400000 0.025882
v 2.086603 2.400000 0.050000
v 2.070711 2.400000 0.070711
v 2.050000 2.400000 0.086603
v 2.025882 2.400000 0.096593
v 1.974118 2.400000 0.096593
v 1.950000 2.400000 0.086603
v 1.929289 2.400000 0.070711
v 1.913397 2.400000 0.050000
v 1.903407 2.400000 0.025882
v 1.903407 0.675000 0.025882
v 1.903407 1.250000 0.025882
v 1.903407 1.825000 0.025882
v 1.913397 0.675000 0.050000
v 1.913397 1.250000 0.050000
v 1.913397 1.825000 0.050000
v 1.929289 0.675000 0.070711
v 1.929289 1.250000 0.070711
v 1.929289 1.825000 0.070711
v 1.950000 0.675000 0.086603
v 1.950000 1.250000 0.086603
v 1.950000 1.825000 0.086603
v 1.974118 0.675000 0.096593
v 1.974118 1.250000 0.096593
v 1.974118 1.825000 0.096593
v 2.000000 0.675000 0.100000
v 2.000000 1.250000 0.100000
v 2.000000 1.825000 0.100000
v 2.025882 0.675000 0.096593
v 2.025882 1.250000 0.096593
v 2.025882 1.825000 0.096593
v 2.050000 0.675000 0.086603
v 2.050000 1.250000 0.086603
v 2.050000 1.825000 0.086603
v 2.070711 0.675000 0.070711
v 2.070711 1.250000 0.070711
v 2.070711 1.825000 0.070711
v 2.086603 0.675000 0.050000
v 2.086603 1.250000 0.050000
v 2.086603 1.825000 0.050000
v 2.096593 0.675000 0.025882
v 2.096593 1.250000 0.025882
v 2.096593 1.825000 0.025882
v 4.096593 0.100000 0.025882
v 4.086603 0.100000 0.050000
v 4.070711 0.100000 0.070711
v 4.050000 0.100000 0.086603
v 4.025882 0.100000 0.096593
v 4.000000 0.100000 0.100000
v 4.000000 0.074118 0.096593
v 4.000000 0.050000 0.086603
v 4.000000 0.029289 0.070711
v 4.000000 0.013397 0.050000
v 4.000000 0.003407 0.025882
v 4.018574 0.002953 0.015391
v 4.091750 0.091547 0.038864
v 4.097047 0.081426 0.015391
v 4.055426 0.092187 0.082867
v 4.071780 0.079888 0.066657
v 4.083242 0.068959 0.045904
v 4.089032 0.060146 0.022023
v 4.024811 0.088919 0.096237
v 4.043044 0.073172 0.086183
v 4.058343 0.059254 0.070255
v 4.069666 0.048112 0.049540
v 4.076242 0.040506 0.025449
v 4.011081 0.075189 0.096237
v 4.026828 0.056956 0.086183
v 4.040746 0.041657 0.070255
v 4.051888 0.030334 0.049540
v 4.059494 0.023758 0.025449
v 4.007813 0.044574 0.082867
v 4.020112 0.028220 0.066657
v 4.031041 0.016758 0.045904
v 4.039854 0.010968 0.022023
v 4.008453 0.008250 0.038864
v 3.980491 0.080491 0.098079
v 3.961732 0.061732 0.092388
v 3.944443 0.044443 0.083147
v 3.929289 0.029289 0.070711
v 3.916853 0.016853 0.055557
v 3.907612 0.007612 0.038268
v 3.901921 0.001921 0.019509
v 3.900482 0.000482 0.009802
v 4.096593 2.400000 0.025882
v 4.086603 2.400000 0.050000
v 4.070711 2.400000 0.070711
v 4.050000 2.400000 0.086603
v 4.025882 2.400000 0.096593
v 3.974118 2.400000 0.096593
v 3.950000 2.400000 0.086603
v 3.929289 2.400000 0.070711
v 3.913397 2.400000 0.050000
v 3.903407 2.400000 0.025882
v 3.903407 0.480000 0.025882
v 3.903407 0.960000 0.025882
v 3.903407 1.440000 0.025882
v 3.903407 1.920000 0.025882
v 3.913397 0.480000 0.050000
v 3.913397 0.960000 0.050000
v 3.913397 1.440000 0.050000
v 3.913397 1.920000 0.050000
v 3.929289 0.480000 0.070711
v 3.929289 0.960000 0.070711
v 3.929289 1.440000 0.070711
v 3.929289 1.920000 0.070711
v 3.950000 0.480000 0.086603
v 3.950000 0.960000 0.086603
v 3.950000 1.440000 0.086603
v 3.950000 1.920000 0.086603
v 3.974118 0.480000 0.096593
v 3.974118 0.960000 0.096593
v 3.974118 1.440000 0.096593
v 3.974118 1.920000 0.096593
v 4.000000 0.480000 0.100000
v 4.000000 0.960000 0.100000
v 4.000000 1.440000 0.100000
v 4.000000 1.920000 0.100000
v 4.025882 0.480000 0.096593
v 4.025882 0.960000 0.096593
v 4.025882 1.440000 0.096593
v 4.025882 1.920000 0.096593
v 4.050000 0.480000 0.086603
v 4.050000 0.960000 0.086603
v 4.050000 1.440000 0.086603
v 4.050000 1.920000 0.086603
v 4.070711 0.480000 0.070711
v 4.070711 0.960000 0.070711
v 4.070711 1.440000 0.070711
v 4.070711 1.920000 0.070711
v 4.086603 0.480000 0.050000
v 4.086603 0.960000 0.050000
v 4.086603 1.440000 0.050000
v 4.086603 1.920000 0.050000
v 4.096593 0.480000 0.025882
v 4.096593 0.960000 0.025882
v 4.096593 1.440000 0.025882
v 4.096593 1.920000 0.025882
vt 0.157080 -0.026180 0.000000
vt 0.130900 0.000000 0.000000
vt 0.130900 -0.026180 0.000000
vt 0.104720 0.000000 0.000000
vt 0.104720 -0.026180 0.000000
vt 0.078540 0.000000 0.000000
vt 0.078540 -0.026180 0.000000
vt 0.052360 0.000000 0.000000
vt 0.052360 -0.026180 0.000000
vt 0.026180 0.000000 0.000000
vt 0.026180 -0.026180 0.000000
vt -0.000000 0.000000 0.000000
vt 0.000000 -0.026180 0.000000
vt -0.026180 0.000000 0.000000
vt -0.026180 -0.026180 0.000000
vt -0.052360 0.000000 0.000000
vt -0.052360 -0.026180 0.000000
vt -0.078540 0.000000 0.000000
vt -0.078540 -0.026180 0.000000
vt -0.104720 0.000000 0.000000
vt -0.104720 -0.026180 0.000000
vt -0.130900 0.000000 0.000000
vt -0.130900 -0.026180 0.000000
vt -0.157080 0.000000 0.000000
vt -0.157080 -0.130900 0.000000
vt -0.130900 -0.157080 0.000000
vt -0.130900 -0.130900 0.000000
vt -0.104720 -0.157080 0.000000
vt -0.104720 -0.130900 0.000000
vt -0.078540 -0.157080 0.000000
vt -0.078540 -0.130900 0.000000
vt -0.052360 -0.157080 0.000000
vt -0.052360 -0.130900 0.000000
vt -0.026180 -0.157080 0.000000
vt -0.026180 -0.130900 0.000000
vt -0.000000 -0.157080 0.000000
vt 0.000000 -0.130900 0.000000
vt 0.026180 -0.157080 0.000000
vt 0.026180 -0.130900 0.000000
vt 0.052360 -0.157080 0.000000
vt 0.052360 -0.130900 0.000000
vt 0.078540 -0.157080 0.000000
vt 0.078540 -0.130900 0.000000
vt 0.104720 -0.157080 0.000000
vt 0.104720 -0.130900 0.000000
vt 0.130900 -0.157080 0.000000
vt 0.130900 -0.130900 0.000000
vt 0.157080 -0.157080 0.000000
vt -0.157080 -0.026180 0.000000
vt -0.130900 -0.052360 0.000000
vt -0.157080 -0.052360 0.000000
vt -0.130900 -0.078540 0.000000
vt -0.157080 -0.078540 0.000000
vt -0.130900 -0.104720 0.000000
vt -0.157080 -0.104720 0.000000
vt 0.157080 -0.130900 0.000000
vt 0.130900 -0.104720 0.000000
vt 0.157080 -0.104720 0.000000
vt 0.130900 -0.078540 0.000000
vt 0.157080 -0.078540 0.000000
vt 0.130900 -0.052360 0.000000
vt 0.157080 -0.052360 0.000000
vt -0.104720 -0.052360 0.000000
vt -0.104720 -0.078540 0.000000
vt -0.104720 -0.104720 0.000000
vt -0.078540 -0.052360 0.000000
vt -0.078540 -0.078540 0.000000
vt -0.078540 -0.104720 0.000000
vt -0.052360 -0.052360 0.000000
vt -0.052360 -0.078540 0.000000
vt -0.052360 -0.104720 0.000000
vt -0.026180 -0.052360 0.000000
vt -0.026180 -0.078540 0.000000
vt -0.026180 -0.104720 0.000000
vt 0.000000 -0.052360 0.000000
vt 0.000000 -0.078540 0.000000
vt 0.000000 -0.104720 0.000000
vt 0.026180 -0.052360 0.000000
vt 0.026180 -0.078540 0.000000
vt 0.026180 -0.104720 0.000000
vt 0.052360 -0.052360 0.000000
vt 0.052360 -0.078540 0.000000
vt 0.052360 -0.104720 0.000000
vt 0.078540 -0.052360 0.000000
vt 0.078540 -0.078540 0.000000
vt 0.078540 -0.104720 0.000000
vt 0.104720 -0.052360 0.000000
vt 0.104720 -0.078540 0.000000
vt 0.104720 -0.104720 0.000000
vt 2.903407 -1.225882 0.000000
vt 3.096593 -1.225882 0.000000
vt 2.900000 -1.200000 0.000000
vt 3.100000 -1.200000 0.000000
vt 2.900000 1.100000 0.000000
vt 3.100000 1.300000 0.000000
vt 1.100000 1.100000 0.000000
vt 0.900000 1.100000 0.000000
vt 1.100000 -1.200000 0.000000
vt 0.900000 -1.200000 0.000000
vt 1.096593 -1.225882 0.000000
vt 0.903407 -1.225882 0.000000
vt 1.086603 -1.250000 0.000000
vt 0.913397 -1.250000 0.000000
vt 1.070711 -1.270711 0.000000
vt 0.929289 -1.270711 0.000000
vt 1.050000 -1.286603 0.000000
vt 0.950000 -1.286603 0.000000
vt 1.025882 -1.296593 0.000000
vt 0.974118 -1.296593 0.000000
vt 1.000000 -1.300000 0.000000
vt 3.086603 -1.250000 0.000000
vt 2.913397 -1.250000 0.000000
vt 3.070711 -1.270711 0.000000
vt 2.929289 -1.270711 0.000000
vt 3.050000 -1.286603 0.000000
vt 2.950000 -1.286603 0.000000
vt 3.025882 -1.296593 0.000000
vt 2.974118 -1.296593 0.000000
vt 3.000000 -1.300000 0.000000
vt -3.100000 1.300000 0.000000
vt -0.900000 1.100000 0.000000
vt -1.100000 1.100000 0.000000
vt -1.100000 -1.200000 0.000000
vt -2.900000 1.100000 0.000000
vt -3.100000 -1.200000 0.000000
vt -2.900000 -1.300000 0.000000
vt -3.096593 -1.225882 0.000000
vt -3.086603 -1.250000 0.000000
vt -3.070711 -1.270711 0.000000
vt -3.050000 -1.286603 0.000000
vt -3.000000 -1.300000 0.000000
vt -3.025882 -1.296593 0.000000
vt -0.900000 -1.300000 0.000000
vt -1.096593 -1.225882 0.000000
vt -1.086603 -1.250000 0.000000
vt -1.070711 -1.270711 0.000000
vt -1.050000 -1.286603 0.000000
vt -1.000000 -1.300000 0.000000
vt -1.025882 -1.296593 0.000000
vt -1.850000 0.052360 0.000000
vt -1.350000 0.052360 0.000000
vt -1.850000 0.078540 0.000000
vt -0.850000 0.052360 0.000000
vt -0.350000 0.052360 0.000000
vt -0.350000 0.026180 0.000000
vt 0.150000 0.026180 0.000000
vt 0.150000 -0.000000 0.000000
vt 0.650000 -0.000000 0.000000
vt 0.650000 -0.026180 0.000000
vt 0.150000 -0.026180 0.000000
vt 0.650000 -0.052360 0.000000
vt 0.150000 -0.052360 0.000000
vt 0.450000 -0.078540 0.000000
vt 0.150000 -0.078540 0.000000
vt 0.450000 -0.104720 0.000000
vt 0.150000 -0.104720 0.000000
vt 0.450000 -0.130900 0.000000
vt 0.150000 -0.130900 0.000000
vt 0.450000 -0.157080 0.000000
vt 0.150000 -0.157080 0.000000
vt 0.450000 -0.183260 0.000000
vt 0.150000 -0.183260 0.000000
vt 0.450000 -0.209440 0.000000
vt 0.150000 -0.209440 0.000000
vt 0.450000 -0.235619 0.000000
vt -0.350000 -0.209440 0.000000
vt -0.850000 -0.209440 0.000000
vt -0.850000 -0.183260 0.000000
vt -1.350000 -0.183260 0.000000
vt -1.350000 -0.157080 0.000000
vt -1.850000 -0.157080 0.000000
vt -1.850000 -0.130900 0.000000
vt -1.350000 -0.130900 0.000000
vt -1.850000 -0.104720 0.000000
vt -1.350000 -0.104720 0.000000
vt -1.850000 -0.078540 0.000000
vt -1.350000 -0.078540 0.000000
vt -1.850000 -0.052360 0.000000
vt -1.350000 -0.052360 0.000000
vt -1.850000 -0.026180 0.000000
vt -1.350000 -0.026180 0.000000
vt -1.850000 0.000000 0.000000
vt -1.350000 -0.000000 0.000000
vt -1.850000 0.026180 0.000000
vt -1.350000 0.026180 0.000000
vt -1.850000 -0.183260 0.000000
vt -1.350000 -0.209440 0.000000
vt -1.850000 -0.235619 0.000000
vt -1.850000 -0.209440 0.000000
vt 0.650000 -0.078540 0.000000
vt 0.650000 0.026180 0.000000
vt 0.150000 0.052360 0.000000
vt 0.650000 0.078540 0.000000
vt 0.650000 0.052360 0.000000
vt -0.850000 0.026180 0.000000
vt -0.850000 -0.000000 0.000000
vt -0.850000 -0.026180 0.000000
vt -0.850000 -0.052360 0.000000
vt -0.850000 -0.078540 0.000000
vt -0.850000 -0.104720 0.000000
vt -0.850000 -0.130900 0.000000
vt -0.850000 -0.157080 0.000000
vt -0.350000 -0.000000 0.000000
vt -0.350000 -0.026180 0.000000
vt -0.350000 -0.052360 0.000000
vt -0.350000 -0.078540 0.000000
vt -0.350000 -0.104720 0.000000
vt -0.350000 -0.130900 0.000000
vt -0.350000 -0.157080 0.000000
vt -0.350000 -0.183260 0.000000
vt 0.000000 0.000000 0.000000
vt 6.200000 0.000000 0.000000
vt 0.003407 0.025882 0.000000
vt 6.196593 0.025882 0.000000
vt 0.013397 0.050000 0.000000
vt 6.186603 0.050000 0.000000
vt 0.029289 0.070711 0.000000
vt 6.170711 0.070711 0.000000
vt 0.050000 0.086603 0.000000
vt 6.150000 0.086603 0.000000
vt 0.074118 0.096593 0.000000
vt 6.125882 0.096593 0.000000
vt 0.100000 0.100000 0.000000
vt 6.100000 0.100000 0.000000
vt -3.000000 1.100000 0.000000
vt -1.000000 1.100000 0.000000
vt -3.000000 1.300000 0.000000
vt 1.000000 1.100000 0.000000
vt 3.000000 1.300000 0.000000
vt 3.000000 1.100000 0.000000
vt 0.075188 0.024961 0.000000
vt 0.069352 0.012476 0.000000
vt 0.095532 -0.000000 0.000000
vt 0.069352 -0.012476 0.000000
vt 0.075188 -0.024961 0.000000
vt 0.052705 -0.041536 0.000000
vt 0.043172 -0.012476 0.000000
vt 0.043172 -0.037428 0.000000
vt 0.016992 -0.012476 0.000000
vt 0.016992 -0.037428 0.000000
vt -0.009188 -0.012476 0.000000
vt -0.009188 -0.037428 0.000000
vt -0.035368 -0.012476 0.000000
vt -0.035368 -0.037428 0.000000
vt -0.059159 -0.031253 0.000000
vt -0.052360 -0.060662 0.000000
vt 0.052705 0.041536 0.000000
vt 0.043172 0.012476 0.000000
vt 0.043172 0.037428 0.000000
vt 0.029284 0.054155 0.000000
vt 0.016992 0.037428 0.000000
vt 0.005472 0.065071 0.000000
vt -0.009188 0.037428 0.000000
vt -0.009188 0.062380 0.000000
vt -0.035368 0.062380 0.000000
vt -0.018405 0.075701 0.000000
vt -0.042053 0.087332 0.000000
vt -0.052360 0.060662 0.000000
vt -0.035368 0.037428 0.000000
vt -0.009188 0.012476 0.000000
vt 0.016992 0.012476 0.000000
vt -0.059159 0.031253 0.000000
vt -0.035368 0.012476 0.000000
vt -0.061548 0.000000 0.000000
vt -0.035368 -0.062380 0.000000
vt -0.042053 -0.087332 0.000000
vt -0.018405 -0.075701 0.000000
vt -0.009188 -0.062380 0.000000
vt 0.005472 -0.065071 0.000000
vt 0.029284 -0.054155 0.000000
vt -3.000000 0.000000 0.000000
vt -2.980491 0.019635 0.000000
vt -3.000000 0.026180 0.000000
vt -2.961732 0.039270 0.000000
vt -3.000000 0.052360 0.000000
vt -2.944443 0.058905 0.000000
vt -3.000000 0.078540 0.000000
vt -2.929289 0.078540 0.000000
vt -2.916853 0.098175 0.000000
vt -3.000000 0.104720 0.000000
vt -2.907612 0.117810 0.000000
vt -3.000000 0.130900 0.000000
vt -2.901921 0.137445 0.000000
vt -2.900482 0.147262 0.000000
vt -2.900000 0.157080 0.000000
vt -3.000000 0.157080 0.000000
vt -1.849518 0.068722 0.000000
vt -1.330000 0.052360 0.000000
vt -1.850000 0.078540 0.000000
vt -0.810000 0.052360 0.000000
vt 0.550000 0.078540 0.000000
vt -0.290000 0.052360 0.000000
vt 0.230000 0.052360 0.000000
vt 0.230000 0.026180 0.000000
vt 0.550000 0.026180 0.000000
vt 0.550000 0.000000 0.000000
vt 0.230000 0.000000 0.000000
vt 0.550000 -0.026180 0.000000
vt 0.230000 -0.026180 0.000000
vt 0.550000 -0.052360 0.000000
vt 0.230000 -0.052360 0.000000
vt 0.550000 -0.078540 0.000000
vt 0.230000 -0.078540 0.000000
vt 0.230000 -0.104720 0.000000
vt -0.290000 -0.078540 0.000000
vt -0.290000 -0.104720 0.000000
vt -0.810000 -0.078540 0.000000
vt -0.810000 -0.104720 0.000000
vt -1.330000 -0.078540 0.000000
vt -1.330000 -0.104720 0.000000
vt -1.750000 -0.078540 0.000000
vt -1.750000 -0.104720 0.000000
vt -1.848079 0.058905 0.000000
vt -1.842388 0.039270 0.000000
vt -1.330000 0.026180 0.000000
vt -1.833147 0.019635 0.000000
vt -1.330000 0.000000 0.000000
vt -1.820711 0.000000 0.000000
vt -1.805557 -0.019635 0.000000
vt -1.330000 -0.026180 0.000000
vt -1.788268 -0.039270 0.000000
vt -1.330000 -0.052360 0.000000
vt -1.769509 -0.058905 0.000000
vt -1.330000 -0.130900 0.000000
vt -1.750000 -0.130900 0.000000
vt -1.330000 -0.157080 0.000000
vt -1.750000 -0.157080 0.000000
vt -1.330000 -0.183260 0.000000
vt -1.750000 -0.183260 0.000000
vt -1.330000 -0.209440 0.000000
vt -1.750000 -0.209440 0.000000
vt -1.750000 -0.235619 0.000000
vt 0.750000 -0.235619 0.000000
vt -0.290000 -0.209440 0.000000
vt -0.810000 -0.209440 0.000000
vt 0.230000 -0.209440 0.000000
vt 0.750000 -0.209440 0.000000
vt 0.230000 -0.183260 0.000000
vt 0.750000 -0.183260 0.000000
vt 0.230000 -0.157080 0.000000
vt 0.750000 -0.157080 0.000000
vt 0.230000 -0.130900 0.000000
vt 0.750000 -0.130900 0.000000
vt 0.750000 -0.104720 0.000000
vt 0.750000 -0.078540 0.000000
vt 0.550000 0.052360 0.000000
vt -0.810000 0.026180 0.000000
vt -0.810000 0.000000 0.000000
vt -0.810000 -0.026180 0.000000
vt -0.810000 -0.052360 0.000000
vt -0.290000 0.026180 0.000000
vt -0.290000 0.000000 0.000000
vt -0.290000 -0.026180 0.000000
vt -0.290000 -0.052360 0.000000
vt -0.810000 -0.130900 0.000000
vt -0.810000 -0.157080 0.000000
vt -0.810000 -0.183260 0.000000
vt -0.290000 -0.130900 0.000000
vt -0.290000 -0.157080 0.000000
vt -0.290000 -0.183260 0.000000
vt 0.157080 -0.026180 0.000000
vt 0.130900 0.000000 0.000000
vt 0.130900 -0.026180 0.000000
vt 0.104720 0.000000 0.000000
vt 0.104720 -0.026180 0.000000
vt 0.078540 0.000000 0.000000
vt 0.078540 -0.026180 0.000000
vt 0.052360 0.000000 0.000000
vt 0.052360 -0.026180 0.000000
vt 0.026180 0.000000 0.000000
vt 0.026180 -0.026180 0.000000
vt -0.000000 0.000000 0.000000
vt 0.000000 -0.026180 0.000000
vt -0.026180 0.000000 0.000000
vt -0.026180 -0.026180 0.000000
vt -0.052360 0.000000 0.000000
vt -0.052360 -0.026180 0.000000
vt -0.078540 0.000000 0.000000
vt -0.078540 -0.026180 0.000000
vt -0.104720 0.000000 0.000000
vt -0.104720 -0.026180 0.000000
vt -0.130900 0.000000 0.000000
vt -0.130900 -0.026180 0.000000
vt -0.157080 0.000000 0.000000
vt -0.157080 -0.130900 0.000000
vt -0.130900 -0.157080 0.000000
vt -0.130900 -0.130900 0.000000
vt -0.104720 -0.157080 0.000000
vt -0.104720 -0.130900 0.000000
vt -0.078540 -0.157080 0.000000
vt -0.078540 -0.130900 0.000000
vt -0.052360 -0.157080 0.000000
vt -0.052360 -0.130900 0.000000
vt -0.026180 -0.157080 0.000000
vt -0.026180 -0.130900 0.000000
vt -0.000000 -0.157080 0.000000
vt 0.000000 -0.130900 0.000000
vt 0.026180 -0.157080 0.000000
vt 0.026180 -0.130900 0.000000
vt 0.052360 -0.157080 0.000000
vt 0.052360 -0.130900 0.000000
vt 0.078540 -0.157080 0.000000
vt 0.078540 -0.130900 0.000000
vt 0.104720 -0.157080 0.000000
vt 0.104720 -0.130900 0.000000
vt 0.130900 -0.157080 0.000000
vt 0.130900 -0.130900 0.000000
vt 0.157080 -0.157080 0.000000
vt -0.157080 -0.026180 0.000000
vt -0.130900 -0.052360 0.000000
vt -0.157080 -0.052360 0.000000
vt -0.130900 -0.078540 0.000000
vt -0.157080 -0.078540 0.000000
vt -0.130900 -0.104720 0.000000
vt -0.157080 -0.104720 0.000000
vt 0.157080 -0.130900 0.000000
vt 0.130900 -0.104720 0.000000
vt 0.157080 -0.104720 0.000000
vt 0.130900 -0.078540 0.000000
vt 0.157080 -0.078540 0.000000
vt 0.130900 -0.052360 0.000000
vt 0.157080 -0.052360 0.000000
vt -0.104720 -0.052360 0.000000
vt -0.104720 -0.078540 0.000000
vt -0.104720 -0.104720 0.000000
vt -0.078540 -0.052360 0.000000
vt -0.078540 -0.078540 0.000000
vt -0.078540 -0.104720 0.000000
vt -0.052360 -0.052360 0.000000
vt -0.052360 -0.078540 0.000000
vt -0.052360 -0.104720 0.000000
vt -0.026180 -0.052360 0.000000
vt -0.026180 -0.078540 0.000000
vt -0.026180 -0.104720 0.000000
vt 0.000000 -0.052360 0.000000
vt 0.000000 -0.078540 0.000000
vt 0.000000 -0.104720 0.000000
vt 0.026180 -0.052360 0.000000
vt 0.026180 -0.078540 0.000000
vt 0.026180 -0.104720 0.000000
vt 0.052360 -0.052360 0.000000
vt 0.052360 -0.078540 0.000000
vt 0.052360 -0.104720 0.000000
vt 0.078540 -0.052360 0.000000
vt 0.078540 -0.078540 0.000000
vt 0.078540 -0.104720 0.000000
vt 0.104720 -0.052360 0.000000
vt 0.104720 -0.078540 0.000000
vt 0.104720 -0.104720 0.000000
vt -1.750000 0.052360 0.000000
vt -1.175000 0.052360 0.000000
vt -1.750000 0.078540 0.000000
vt -0.600000 0.052360 0.000000
vt 0.550000 0.078540 0.000000
vt -0.025000 0.052360 0.000000
vt 0.550000 0.052360 0.000000
vt 0.550000 0.026180 0.000000
vt -0.025000 0.026180 0.000000
vt 0.550000 0.000000 0.000000
vt -0.025000 -0.000000 0.000000
vt 0.550000 -0.026180 0.000000
vt -0.025000 -0.026180 0.000000
vt 0.550000 -0.052360 0.000000
vt -0.025000 -0.052360 0.000000
vt 0.550000 -0.078540 0.000000
vt -0.025000 -0.078540 0.000000
vt 0.550000 -0.104720 0.000000
vt -0.025000 -0.104720 0.000000
vt 0.550000 -0.130900 0.000000
vt -0.025000 -0.130900 0.000000
vt 0.550000 -0.157080 0.000000
vt -0.025000 -0.157080 0.000000
vt 0.550000 -0.183260 0.000000
vt -0.025000 -0.183260 0.000000
vt 0.550000 -0.209440 0.000000
vt -0.025000 -0.209440 0.000000
vt 0.550000 -0.235619 0.000000
vt -0.600000 -0.209440 0.000000
vt -1.750000 -0.235619 0.000000
vt -1.175000 -0.209440 0.000000
vt -1.750000 -0.209440 0.000000
vt -1.750000 -0.183260 0.000000
vt -1.175000 -0.183260 0.000000
vt -1.750000 -0.157080 0.000000
vt -1.175000 -0.157080 0.000000
vt -1.750000 -0.130900 0.000000
vt -1.175000 -0.130900 0.000000
vt -1.750000 -0.104720 0.000000
vt -1.175000 -0.104720 0.000000
vt -1.750000 -0.078540 0.000000
vt -1.175000 -0.078540 0.000000
vt -1.750000 -0.052360 0.000000
vt -1.175000 -0.052360 0.000000
vt -1.750000 -0.026180 0.000000
vt -1.175000 -0.026180 0.000000
vt -1.750000 -0.000000 0.000000
vt -1.175000 -0.000000 0.000000
vt -1.750000 0.026180 0.000000
vt -1.175000 0.026180 0.000000
vt -0.600000 0.026180 0.000000
vt -0.600000 -0.000000 0.000000
vt -0.600000 -0.026180 0.000000
vt -0.600000 -0.052360 0.000000
vt -0.600000 -0.078540 0.000000
vt -0.600000 -0.104720 0.000000
vt -0.600000 -0.130900 0.000000
vt -0.600000 -0.157080 0.000000
vt -0.600000 -0.183260 0.000000
vt -0.052360 -0.060662 0.000000
vt -0.042053 -0.087332 0.000000
vt -0.035368 -0.062380 0.000000
vt -0.018405 -0.075701 0.000000
vt -0.009188 -0.062380 0.000000
vt 0.005472 -0.065071 0.000000
vt -0.009188 -0.037428 0.000000
vt 0.016992 -0.037428 0.000000
vt -0.009188 -0.012476 0.000000
vt 0.016992 -0.012476 0.000000
vt -0.009188 0.012476 0.000000
vt 0.016992 0.012476 0.000000
vt -0.009188 0.037428 0.000000
vt 0.016992 0.037428 0.000000
vt 0.005472 0.065071 0.000000
vt 0.029284 0.054155 0.000000
vt 0.043172 0.037428 0.000000
vt 0.052705 0.041536 0.000000
vt 0.043172 0.012476 0.000000
vt 0.069352 0.012476 0.000000
vt 0.069352 -0.012476 0.000000
vt 0.095532 0.000000 0.000000
vt 0.075188 -0.024961 0.000000
vt 0.052705 -0.041536 0.000000
vt 0.043172 -0.012476 0.000000
vt 0.043172 -0.037428 0.000000
vt 0.029284 -0.054155 0.000000
vt 0.075188 0.024961 0.000000
vt -0.009188 0.062380 0.000000
vt -0.018405 0.075701 0.000000
vt -0.035368 0.062380 0.000000
vt -0.042053 0.087332 0.000000
vt -0.052360 0.060662 0.000000
vt -0.035368 0.037428 0.000000
vt -0.059159 0.031253 0.000000
vt -0.035368 0.012476 0.000000
vt -0.061548 -0.000000 0.000000
vt -0.035368 -0.012476 0.000000
vt -0.059159 -0.031253 0.000000
vt -0.035368 -0.037428 0.000000
vt -1.000000 0.000000 0.000000
vt -0.980491 0.019635 0.000000
vt -1.000000 0.026180 0.000000
vt -0.961732 0.039270 0.000000
vt -1.000000 0.052360 0.000000
vt -0.944443 0.058905 0.000000
vt -1.000000 0.078540 0.000000
vt -0.929289 0.078540 0.000000
vt -0.916853 0.098175 0.000000
vt -1.000000 0.104720 0.000000
vt -0.907612 0.117810 0.000000
vt -1.000000 0.130900 0.000000
vt -0.901921 0.137445 0.000000
vt -0.900482 0.147262 0.000000
vt -0.900000 0.157080 0.000000
vt -1.000000 0.157080 0.000000
vt -1.849518 0.068722 0.000000
vt -1.370000 0.052360 0.000000
vt -1.850000 0.078540 0.000000
vt -0.890000 0.052360 0.000000
vt -0.410000 0.052360 0.000000
vt -0.410000 0.026180 0.000000
vt 0.070000 0.026180 0.000000
vt 0.070000 0.000000 0.000000
vt 0.550000 0.000000 0.000000
vt 0.550000 -0.026180 0.000000
vt 0.070000 -0.026180 0.000000
vt 0.550000 -0.052360 0.000000
vt 0.070000 -0.052360 0.000000
vt 0.550000 -0.078540 0.000000
vt 0.070000 -0.078540 0.000000
vt 0.550000 -0.104720 0.000000
vt 0.070000 -0.104720 0.000000
vt 0.550000 -0.130900 0.000000
vt 0.070000 -0.130900 0.000000
vt 0.550000 -0.157080 0.000000
vt 0.070000 -0.157080 0.000000
vt 0.550000 -0.183260 0.000000
vt 0.070000 -0.183260 0.000000
vt 0.550000 -0.209440 0.000000
vt 0.070000 -0.209440 0.000000
vt 0.550000 -0.235619 0.000000
vt -0.410000 -0.209440 0.000000
vt -1.750000 -0.235619 0.000000
vt -0.890000 -0.209440 0.000000
vt -1.370000 -0.209440 0.000000
vt -1.370000 -0.183260 0.000000
vt -1.750000 -0.183260 0.000000
vt -1.750000 -0.157080 0.000000
vt -1.370000 -0.157080 0.000000
vt -1.750000 -0.130900 0.000000
vt -1.370000 -0.130900 0.000000
vt -1.750000 -0.104720 0.000000
vt -1.370000 -0.104720 0.000000
vt -1.750000 -0.078540 0.000000
vt -1.370000 -0.078540 0.000000
vt -1.769509 -0.058905 0.000000
vt -1.370000 -0.052360 0.000000
vt -1.788268 -0.039270 0.000000
vt -1.370000 -0.026180 0.000000
vt -1.805557 -0.019635 0.000000
vt -1.370000 0.000000 0.000000
vt -1.820711 0.000000 0.000000
vt -1.833147 0.019635 0.000000
vt -1.370000 0.026180 0.000000
vt -1.842388 0.039270 0.000000
vt -1.848079 0.058905 0.000000
vt -1.750000 -0.209440 0.000000
vt 0.550000 0.026180 0.000000
vt 0.070000 0.052360 0.000000
vt 0.550000 0.078540 0.000000
vt 0.550000 0.052360 0.000000
vt -0.890000 0.026180 0.000000
vt -0.890000 0.000000 0.000000
vt -0.890000 -0.026180 0.000000
vt -0.890000 -0.052360 0.000000
vt -0.890000 -0.078540 0.000000
vt -0.890000 -0.104720 0.000000
vt -0.890000 -0.130900 0.000000
vt -0.890000 -0.157080 0.000000
vt -0.890000 -0.183260 0.000000
vt -0.410000 0.000000 0.000000
vt -0.410000 -0.026180 0.000000
vt -0.410000 -0.052360 0.000000
vt -0.410000 -0.078540 0.000000
vt -0.410000 -0.104720 0.000000
vt -0.410000 -0.130900 0.000000
vt -0.410000 -0.157080 0.000000
vt -0.410000 -0.183260 0.000000
vt 0.000000 0.000000 0.000000
vt 1.800000 0.000000 0.000000
vt -0.003407 0.025882 0.000000
vt 1.803407 0.025882 0.000000
vt -0.013397 0.050000 0.000000
vt 1.813397 0.050000 0.000000
vt -0.029289 0.070711 0.000000
vt 1.829289 0.070711 0.000000
vt -0.050000 0.086603 0.000000
vt 1.850000 0.086603 0.000000
vt -0.074118 0.096593 0.000000
vt 1.874118 0.096593 0.000000
vt -0.100000 0.100000 0.000000
vt 1.900000 0.100000 0.000000
vt 0.000000 0.000000 0.000000
vt 1.800000 0.000000 0.000000
vt -0.003407 0.025882 0.000000
vt 1.803407 0.025882 0.000000
vt -0.013397 0.050000 0.000000
vt 1.813397 0.050000 0.000000
vt -0.029289 0.070711 0.000000
vt 1.829289 0.070711 0.000000
vt -0.050000 0.086603 0.000000
vt 1.850000 0.086603 0.000000
vt -0.074118 0.096593 0.000000
vt 1.874118 0.096593 0.000000
vt -0.100000 0.100000 0.000000
vt 1.900000 0.100000 0.000000
vt 0.000000 0.000000 0.000000
vt 1.800000 0.000000 0.000000
vt -0.003407 0.025882 0.000000
vt 1.803407 0.025882 0.000000
vt -0.013397 0.050000 0.000000
vt 1.813397 0.050000 0.000000
vt -0.029289 0.070711 0.000000
vt 1.829289 0.070711 0.000000
vt -0.050000 0.086603 0.000000
vt 1.850000 0.086603 0.000000
vt -0.074118 0.096593 0.000000
vt 1.874118 0.096593 0.000000
vt -0.100000 0.100000 0.000000
vt 1.900000 0.100000 0.000000
vn -1.000000 0.000000 0.000000
vn -0.965926 -0.258819 0.000000
vn -0.965926 -0.250000 0.066987
vn -0.866025 -0.500000 0.000000
vn -0.866025 -0.482963 0.129410
vn -0.707107 -0.707107 0.000000
vn -0.707107 -0.683013 0.183013
vn -0.500000 -0.866025 0.000000
vn -0.500000 -0.836516 0.224144
vn -0.258819 -0.965926 0.000000
vn -0.258819 -0.933013 0.250000
vn 0.000000 -1.000000 0.000000
vn 0.000000 -0.965926 0.258819
vn 0.258819 -0.965926 0.000000
vn 0.258819 -0.933013 0.250000
vn 0.500000 -0.866025 0.000000
vn 0.500000 -0.836516 0.224144
vn 0.707107 -0.707107 0.000000
vn 0.707107 -0.683013 0.183013
vn 0.866025 -0.500000 0.000000
vn 0.866025 -0.482963 0.129410
vn 0.965926 -0.258819 0.000000
vn 0.965926 -0.250000 0.066987
vn 1.000000 0.000000 0.000000
vn 0.965926 0.000000 0.258819
vn 0.965926 -0.066987 0.250000
vn 0.866025 0.000000 0.500000
vn 0.866025 -0.129410 0.482963
vn 0.707107 0.000000 0.707107
vn 0.707107 -0.183013 0.683013
vn 0.500000 0.000000 0.866025
vn 0.500000 -0.224144 0.836516
vn 0.258819 0.000000 0.965926
vn 0.258819 -0.250000 0.933013
vn 0.000000 0.000000 1.000000
vn 0.000000 -0.258819 0.965926
vn -0.258819 0.000000 0.965926
vn -0.258819 -0.250000 0.933013
vn -0.500000 0.000000 0.866025
vn -0.500000 -0.224144 0.836516
vn -0.707107 0.000000 0.707107
vn -0.707107 -0.183013 0.683013
vn -0.866025 0.000000 0.500000
vn -0.866025 -0.129410 0.482963
vn -0.965926 0.000000 0.258819
vn -0.965926 -0.066987 0.250000
vn 0.965926 -0.224144 0.129410
vn 0.965926 -0.183013 0.183013
vn 0.965926 -0.129410 0.224144
vn -0.965926 -0.129410 0.224144
vn -0.965926 -0.183013 0.183013
vn -0.965926 -0.224144 0.129410
vn 0.866025 -0.433013 0.250000
vn 0.866025 -0.353553 0.353553
vn 0.866025 -0.250000 0.433013
vn 0.707107 -0.612372 0.353553
vn 0.707107 -0.500000 0.500000
vn 0.707107 -0.353553 0.612372
vn 0.500000 -0.750000 0.433013
vn 0.500000 -0.612372 0.612372
vn 0.500000 -0.433013 0.750000
vn 0.258819 -0.836516 0.482963
vn 0.258819 -0.683013 0.683013
vn 0.258819 -0.482963 0.836516
vn 0.000000 -0.866025 0.500000
vn 0.000000 -0.707107 0.707107
vn 0.000000 -0.500000 0.866025
vn -0.258819 -0.836516 0.482963
vn -0.258819 -0.683013 0.683013
vn -0.258819 -0.482963 0.836516
vn -0.500000 -0.750000 0.433013
vn -0.500000 -0.612372 0.612372
vn -0.500000 -0.433013 0.750000
vn -0.707107 -0.612372 0.353553
vn -0.707107 -0.500000 0.500000
vn -0.707107 -0.353553 0.612372
vn -0.866025 -0.433013 0.250000
vn -0.866025 -0.353553 0.353553
vn -0.866025 -0.250000 0.433013
vn -0.000000 -0.000000 -1.000000
vn -0.000000 -0.000000 -1.000000
vn -0.000000 -0.000000 -1.000000
vn -0.000000 -0.000000 -1.000000
vn -0.000000 -0.000000 -1.000000
vn -0.000000 -0.000000 -1.000000
vn -0.000000 -0.000000 -1.000000
vn -0.000000 -0.000000 -1.000000
vn -0.000000 -0.000000 -1.000000
vn -0.000000 -0.000000 -1.000000
vn -0.000000 -0.000000 -1.000000
vn -0.000000 -0.000000 -1.000000
vn -0.000000 -0.000000 -1.000000
vn -0.000000 -0.000000 -1.000000
vn -0.000000 -0.000000 -1.000000
vn -0.000000 -0.000000 -1.000000
vn -0.000000 -0.000000 -1.000000
vn -0.000000 -0.000000 -1.000000
vn -0.000000 -0.000000 -1.000000
vn -0.000000 -0.000000 -1.000000
vn -0.000000 -0.000000 -1.000000
vn -0.000000 -0.000000 -1.000000
vn -0.000000 -0.000000 -1.000000
vn -0.000000 -0.000000 -1.000000
vn -0.000000 -0.000000 -1.000000
vn -0.000000 -0.000000 -1.000000
vn -0.000000 -0.000000 -1.000000
vn -0.000000 -0.000000 -1.000000
vn -0.000000 -0.000000 -1.000000
vn -0.000000 -0.000000 -1.000000
vn -0.000000 -0.000000 -1.000000
vn -0.000000 -0.000000 -1.000000
vn -0.000000 -0.000000 -1.000000
vn -0.000000 -0.000000 -1.000000
vn -0.000000 -0.000000 -1.000000
vn -0.000000 -0.000000 -1.000000
vn -0.000000 -0.000000 -1.000000
vn -0.000000 -0.000000 -1.000000
vn -0.000000 -0.000000 -1.000000
vn -0.000000 -0.000000 -1.000000
vn -0.000000 -0.000000 -1.000000
vn -0.000000 -0.000000 -1.000000
vn -0.000000 -0.000000 -1.000000
vn -0.000000 -0.000000 -1.000000
vn -0.000000 -0.000000 -1.000000
vn -0.000000 -0.000000 -1.000000
vn -0.000000 -0.000000 -1.000000
vn -0.000000 -0.000000 -1.000000
vn -0.000000 -0.000000 -1.000000
vn -0.000000 -0.000000 -1.000000
vn -0.965926 -0.000000 0.258819
vn -0.965926 -0.000000 0.258819
vn -0.965926 -0.000000 0.258819
vn -0.866025 -0.000000 0.500000
vn -0.866025 -0.000000 0.500000
vn -0.707107 -0.000000 0.707107
vn -0.707107 -0.000000 0.707107
vn -0.500000 -0.000000 0.866025
vn -0.500000 -0.000000 0.866025
vn -0.258819 -0.000000 0.965926
vn -0.258819 -0.000000 0.965926
vn 0.000000 0.000000 1.000000
vn 0.000000 0.000000 1.000000
vn 0.258819 0.000000 0.965926
vn 0.258819 0.000000 0.965926
vn 0.500000 0.000000 0.866025
vn 0.500000 0.000000 0.866025
vn 0.707107 0.000000 0.707107
vn 0.707107 0.000000 0.707107
vn 0.866025 0.000000 0.500000
vn 0.866025 0.000000 0.500000
vn 0.965926 0.000000 0.258819
vn 0.965926 0.000000 0.258819
vn 1.000000 0.000000 0.000000
vn 0.965926 0.000000 0.258819
vn 0.965926 0.000000 0.258819
vn 0.866025 0.000000 0.500000
vn 0.866025 0.000000 0.500000
vn 0.707107 0.000000 0.707107
vn 0.500000 0.000000 0.866025
vn 0.258819 0.000000 0.965926
vn 0.000000 0.000000 1.000000
vn -0.258819 -0.000000 0.965926
vn -0.500000 -0.000000 0.866025
vn -0.707107 -0.000000 0.707107
vn -0.866025 -0.000000 0.500000
vn 0.965926 0.000000 0.258819
vn 0.000000 0.000000 1.000000
vn -0.866025 -0.000000 0.500000
vn -0.965926 -0.000000 0.258819
vn -1.000000 -0.000000 -0.000000
vn -0.965926 -0.000000 0.258819
vn -0.866025 -0.000000 0.500000
vn -0.707107 -0.000000 0.707107
vn -0.500000 -0.000000 0.866025
vn -0.258819 -0.000000 0.965926
vn 0.000000 0.000000 1.000000
vn 0.258819 0.000000 0.965926
vn 0.500000 0.000000 0.866025
vn 0.707107 0.000000 0.707107
vn -0.707107 -0.000000 0.707107
vn -0.500000 -0.000000 0.866025
vn -0.258819 -0.000000 0.965926
vn 0.000000 0.000000 1.000000
vn 0.258819 0.000000 0.965926
vn 0.500000 0.000000 0.866025
vn 0.707107 0.000000 0.707107
vn 0.866025 0.000000 0.500000
vn 0.000000 1.000000 -0.000000
vn 0.000000 1.000000 -0.000000
vn 0.000000 1.000000 -0.000000
vn 0.000000 1.000000 -0.000000
vn 0.000000 1.000000 -0.000000
vn 0.000000 1.000000 -0.000000
vn 0.000000 1.000000 -0.000000
vn 0.000000 1.000000 -0.000000
vn 0.000000 1.000000 -0.000000
vn 0.000000 1.000000 -0.000000
vn 0.000000 1.000000 -0.000000
vn 0.000000 1.000000 -0.000000
vn 0.000000 1.000000 -0.000000
vn 0.000000 1.000000 -0.000000
vn 0.000000 0.000000 1.000000
vn 0.000000 0.000000 1.000000
vn 0.000000 0.000000 1.000000
vn 0.000000 0.000000 1.000000
vn 0.965926 0.000000 0.258819
vn 0.962374 -0.110813 0.248108
vn 1.000000 0.000000 0.000000
vn 0.962374 -0.248108 0.110813
vn 0.965926 -0.258819 -0.000000
vn 0.866025 -0.500000 0.000000
vn 0.861830 -0.430436 0.268280
vn 0.828668 -0.554261 0.078131
vn 0.702554 -0.583430 0.407464
vn 0.666568 -0.717801 0.201121
vn 0.495400 -0.696665 0.518881
vn 0.459042 -0.832423 0.310406
vn 0.254486 -0.762422 0.594936
vn 0.220233 -0.890318 0.398536
vn 0.000000 -0.866025 0.500000
vn 0.000000 -0.965926 0.258819
vn 0.866025 0.000000 0.500000
vn 0.861830 -0.268280 0.430436
vn 0.828668 -0.078131 0.554261
vn 0.707107 0.000000 0.707107
vn 0.666568 -0.201121 0.717801
vn 0.500000 -0.000000 0.866025
vn 0.459042 -0.310406 0.832423
vn 0.388644 -0.084530 0.917502
vn 0.153913 -0.185744 0.970469
vn 0.258819 -0.000000 0.965926
vn 0.000000 -0.000000 1.000000
vn 0.000000 -0.258819 0.965926
vn 0.220233 -0.398536 0.890318
vn 0.495400 -0.518881 0.696665
vn 0.702554 -0.407464 0.583430
vn 0.000000 -0.500000 0.866025
vn 0.254486 -0.594936 0.762422
vn 0.000000 -0.707107 0.707107
vn 0.153913 -0.970469 0.185744
vn 0.000000 -1.000000 -0.000000
vn 0.258819 -0.965926 -0.000000
vn 0.388644 -0.917502 0.084530
vn 0.500000 -0.866025 -0.000000
vn 0.707107 -0.707107 -0.000000
vn 0.000000 -0.195090 0.980785
vn 0.000000 -0.382683 0.923880
vn 0.000000 -0.555570 0.831470
vn 0.000000 -0.707107 0.707107
vn 0.000000 -0.831470 0.555570
vn 0.000000 -0.923880 0.382683
vn 0.000000 -0.980785 0.195090
vn 0.000000 -0.995185 0.098017
vn 0.000000 -1.000000 0.000000
vn -0.995185 -0.000000 0.098017
vn -0.965926 -0.000000 0.258819
vn -1.000000 -0.000000 -0.000000
vn -0.965926 -0.000000 0.258819
vn -1.000000 -0.000000 -0.000000
vn -0.965926 -0.000000 0.258819
vn -0.965926 -0.000000 0.258819
vn -0.866025 -0.000000 0.500000
vn -0.866025 -0.000000 0.500000
vn -0.707107 -0.000000 0.707107
vn -0.707107 -0.000000 0.707107
vn -0.500000 -0.000000 0.866025
vn -0.500000 -0.000000 0.866025
vn -0.258819 -0.000000 0.965926
vn -0.258819 -0.000000 0.965926
vn 0.000000 0.000000 1.000000
vn 0.258819 0.000000 0.965926
vn 0.000000 0.000000 1.000000
vn 0.258819 0.000000 0.965926
vn 0.000000 0.000000 1.000000
vn 0.258819 0.000000 0.965926
vn 0.000000 0.000000 1.000000
vn 0.258819 0.000000 0.965926
vn -0.980785 -0.000000 0.195090
vn -0.923880 -0.000000 0.382683
vn -0.866025 -0.000000 0.500000
vn -0.831470 -0.000000 0.555570
vn -0.707107 -0.000000 0.707107
vn -0.707107 -0.000000 0.707107
vn -0.555570 -0.000000 0.831470
vn -0.500000 -0.000000 0.866025
vn -0.382683 -0.000000 0.923880
vn -0.258819 -0.000000 0.965926
vn -0.195090 -0.000000 0.980785
vn 0.500000 0.000000 0.866025
vn 0.707107 0.000000 0.707107
vn 0.866025 0.000000 0.500000
vn 0.965926 0.000000 0.258819
vn 1.000000 0.000000 0.000000
vn 0.965926 0.000000 0.258819
vn 0.965926 0.000000 0.258819
vn 0.965926 0.000000 0.258819
vn 0.965926 0.000000 0.258819
vn 0.866025 0.000000 0.500000
vn 0.866025 0.000000 0.500000
vn 0.707107 0.000000 0.707107
vn 0.707107 0.000000 0.707107
vn 0.500000 0.000000 0.866025
vn 0.500000 0.000000 0.866025
vn 0.258819 0.000000 0.965926
vn -0.965926 -0.000000 0.258819
vn -0.866025 -0.000000 0.500000
vn -0.707107 -0.000000 0.707107
vn -0.500000 -0.000000 0.866025
vn -0.258819 -0.000000 0.965926
vn -0.866025 -0.000000 0.500000
vn -0.707107 -0.000000 0.707107
vn -0.500000 -0.000000 0.866025
vn -0.258819 -0.000000 0.965926
vn 0.500000 0.000000 0.866025
vn 0.707107 0.000000 0.707107
vn 0.866025 0.000000 0.500000
vn 0.500000 0.000000 0.866025
vn 0.707107 0.000000 0.707107
vn 0.866025 0.000000 0.500000
vn -1.000000 0.000000 0.000000
vn -0.965926 -0.258819 0.000000
vn -0.965926 -0.250000 0.066987
vn -0.866025 -0.500000 0.000000
vn -0.866025 -0.482963 0.129410
vn -0.707107 -0.707107 0.000000
vn -0.707107 -0.683013 0.183013
vn -0.500000 -0.866025 0.000000
vn -0.500000 -0.836516 0.224144
vn -0.258819 -0.965926 0.000000
vn -0.258819 -0.933013 0.250000
vn 0.000000 -1.000000 0.000000
vn 0.000000 -0.965926 0.258819
vn 0.258819 -0.965926 0.000000
vn 0.258819 -0.933013 0.250000
vn 0.500000 -0.866025 0.000000
vn 0.500000 -0.836516 0.224144
vn 0.707107 -0.707107 0.000000
vn 0.707107 -0.683013 0.183013
vn 0.866025 -0.500000 0.000000
vn 0.866025 -0.482963 0.129410
vn 0.965926 -0.258819 0.000000
vn 0.965926 -0.250000 0.066987
vn 1.000000 0.000000 0.000000
vn 0.965926 0.000000 0.258819
vn 0.965926 -0.066987 0.250000
vn 0.866025 0.000000 0.500000
vn 0.866025 -0.129410 0.482963
vn 0.707107 0.000000 0.707107
vn 0.707107 -0.183013 0.683013
vn 0.500000 0.000000 0.866025
vn 0.500000 -0.224144 0.836516
vn 0.258819 0.000000 0.965926
vn 0.258819 -0.250000 0.933013
vn 0.000000 0.000000 1.000000
vn 0.000000 -0.258819 0.965926
vn -0.258819 0.000000 0.965926
vn -0.258819 -0.250000 0.933013
vn -0.500000 0.000000 0.866025
vn -0.500000 -0.224144 0.836516
vn -0.707107 0.000000 0.707107
vn -0.707107 -0.183013 0.683013
vn -0.866025 0.000000 0.500000
vn -0.866025 -0.129410 0.482963
vn -0.965926 0.000000 0.258819
vn -0.965926 -0.066987 0.250000
vn 0.965926 -0.224144 0.129410
vn 0.965926 -0.183013 0.183013
vn 0.965926 -0.129410 0.224144
vn -0.965926 -0.129410 0.224144
vn -0.965926 -0.183013 0.183013
vn -0.965926 -0.224144 0.129410
vn 0.866025 -0.433013 0.250000
vn 0.866025 -0.353553 0.353553
vn 0.866025 -0.250000 0.433013
vn 0.707107 -0.612372 0.353553
vn 0.707107 -0.500000 0.500000
vn 0.707107 -0.353553 0.612372
vn 0.500000 -0.750000 0.433013
vn 0.500000 -0.612372 0.612372
vn 0.500000 -0.433013 0.750000
vn 0.258819 -0.836516 0.482963
vn 0.258819 -0.683013 0.683013
vn 0.258819 -0.482963 0.836516
vn 0.000000 -0.866025 0.500000
vn 0.000000 -0.707107 0.707107
vn 0.000000 -0.500000 0.866025
vn -0.258819 -0.836516 0.482963
vn -0.258819 -0.683013 0.683013
vn -0.258819 -0.482963 0.836516
vn -0.500000 -0.750000 0.433013
vn -0.500000 -0.612372 0.612372
vn -0.500000 -0.433013 0.750000
vn -0.707107 -0.612372 0.353553
vn -0.707107 -0.500000 0.500000
vn -0.707107 -0.353553 0.612372
vn -0.866025 -0.433013 0.250000
vn -0.866025 -0.353553 0.353553
vn -0.866025 -0.250000 0.433013
vn -0.965926 0.000000 0.258819
vn -0.965926 0.000000 0.258819
vn -1.000000 0.000000 -0.000000
vn -0.965926 0.000000 0.258819
vn -0.965926 0.000000 0.258819
vn -0.866025 0.000000 0.500000
vn -0.866025 0.000000 0.500000
vn -0.707107 0.000000 0.707107
vn -0.707107 0.000000 0.707107
vn -0.500000 0.000000 0.866025
vn -0.500000 0.000000 0.866025
vn -0.258819 0.000000 0.965926
vn -0.258819 0.000000 0.965926
vn -0.000000 0.000000 1.000000
vn 0.258819 -0.000000 0.965926
vn 0.258819 -0.000000 0.965926
vn 0.500000 -0.000000 0.866025
vn 0.500000 -0.000000 0.866025
vn 0.707107 -0.000000 0.707107
vn 0.707107 -0.000000 0.707107
vn 0.866025 -0.000000 0.500000
vn 0.866025 -0.000000 0.500000
vn 0.965926 -0.000000 0.258819
vn 0.965926 -0.000000 0.258819
vn 1.000000 -0.000000 -0.000000
vn 0.965926 -0.000000 0.258819
vn 0.965926 -0.000000 0.258819
vn 0.866025 -0.000000 0.500000
vn 0.707107 -0.000000 0.707107
vn 0.500000 -0.000000 0.866025
vn 0.258819 -0.000000 0.965926
vn 0.000000 -0.000000 1.000000
vn -0.258819 0.000000 0.965926
vn -0.500000 0.000000 0.866025
vn -0.707107 0.000000 0.707107
vn -0.866025 0.000000 0.500000
vn -0.866025 0.000000 0.500000
vn -0.707107 0.000000 0.707107
vn -0.500000 0.000000 0.866025
vn -0.258819 0.000000 0.965926
vn 0.000000 -0.000000 1.000000
vn 0.258819 -0.000000 0.965926
vn 0.500000 -0.000000 0.866025
vn 0.707107 -0.000000 0.707107
vn 0.866025 -0.000000 0.500000
vn 0.965926 -0.258819 0.000000
vn 1.000000 0.000000 -0.000000
vn 0.970469 -0.185744 0.153913
vn 0.965926 0.000000 0.258819
vn 0.917502 -0.084530 0.388644
vn 0.866025 0.000000 0.500000
vn 0.832423 -0.310406 0.459042
vn 0.717801 -0.201121 0.666568
vn 0.696665 -0.518881 0.495400
vn 0.583430 -0.407464 0.702554
vn 0.518881 -0.696665 0.495400
vn 0.407464 -0.583430 0.702554
vn 0.310406 -0.832423 0.459042
vn 0.201121 -0.717801 0.666568
vn 0.000000 -0.866025 0.500000
vn 0.000000 -0.707107 0.707107
vn 0.078131 -0.554261 0.828668
vn 0.000000 -0.500000 0.866025
vn 0.268280 -0.430436 0.861830
vn 0.110813 -0.248108 0.962374
vn 0.248108 -0.110813 0.962374
vn 0.000000 -0.000000 1.000000
vn 0.258819 0.000000 0.965926
vn 0.500000 0.000000 0.866025
vn 0.430436 -0.268280 0.861830
vn 0.554261 -0.078131 0.828668
vn 0.707107 0.000000 0.707107
vn 0.000000 -0.258819 0.965926
vn 0.084530 -0.917502 0.388644
vn 0.000000 -0.965926 0.258819
vn 0.185744 -0.970469 0.153913
vn 0.000000 -1.000000 -0.000000
vn 0.258819 -0.965926 -0.000000
vn 0.398536 -0.890318 0.220233
vn 0.500000 -0.866025 -0.000000
vn 0.594936 -0.762422 0.254486
vn 0.707107 -0.707107 0.000000
vn 0.762422 -0.594936 0.254486
vn 0.866025 -0.500000 -0.000000
vn 0.890318 -0.398536 0.220233
vn 0.000000 -0.195090 0.980785
vn 0.000000 -0.382683 0.923880
vn 0.000000 -0.555570 0.831470
vn 0.000000 -0.707107 0.707107
vn 0.000000 -0.831470 0.555570
vn 0.000000 -0.923880 0.382683
vn 0.000000 -0.980785 0.195090
vn 0.000000 -0.995185 0.098017
vn 0.000000 -1.000000 0.000000
vn -0.995185 -0.000000 0.098017
vn -0.965926 -0.000000 0.258819
vn -1.000000 -0.000000 -0.000000
vn -0.965926 -0.000000 0.258819
vn -0.965926 -0.000000 0.258819
vn -0.866025 -0.000000 0.500000
vn -0.866025 -0.000000 0.500000
vn -0.707107 -0.000000 0.707107
vn -0.707107 -0.000000 0.707107
vn -0.500000 -0.000000 0.866025
vn -0.500000 -0.000000 0.866025
vn -0.258819 -0.000000 0.965926
vn -0.258819 -0.000000 0.965926
vn -0.000000 -0.000000 1.000000
vn 0.258819 0.000000 0.965926
vn 0.258819 0.000000 0.965926
vn 0.500000 0.000000 0.866025
vn 0.500000 0.000000 0.866025
vn 0.707107 0.000000 0.707107
vn 0.707107 0.000000 0.707107
vn 0.866025 0.000000 0.500000
vn 0.866025 0.000000 0.500000
vn 0.965926 0.000000 0.258819
vn 0.965926 0.000000 0.258819
vn 1.000000 0.000000 0.000000
vn 0.965926 0.000000 0.258819
vn 0.965926 0.000000 0.258819
vn 0.965926 0.000000 0.258819
vn 0.866025 0.000000 0.500000
vn 0.707107 0.000000 0.707107
vn 0.500000 0.000000 0.866025
vn 0.258819 0.000000 0.965926
vn -0.000000 -0.000000 1.000000
vn -0.195090 -0.000000 0.980785
vn -0.258819 -0.000000 0.965926
vn -0.382683 -0.000000 0.923880
vn -0.500000 -0.000000 0.866025
vn -0.555570 -0.000000 0.831470
vn -0.707107 -0.000000 0.707107
vn -0.707107 -0.000000 0.707107
vn -0.831470 -0.000000 0.555570
vn -0.866025 -0.000000 0.500000
vn -0.923880 -0.000000 0.382683
vn -0.980785 -0.000000 0.195090
vn -0.866025 -0.000000 0.500000
vn -0.965926 -0.000000 0.258819
vn -1.000000 -0.000000 -0.000000
vn -0.965926 -0.000000 0.258819
vn -0.866025 -0.000000 0.500000
vn -0.707107 -0.000000 0.707107
vn -0.500000 -0.000000 0.866025
vn -0.258819 -0.000000 0.965926
vn -0.000000 -0.000000 1.000000
vn 0.258819 0.000000 0.965926
vn 0.500000 0.000000 0.866025
vn 0.707107 0.000000 0.707107
vn 0.866025 0.000000 0.500000
vn -0.707107 -0.000000 0.707107
vn -0.500000 -0.000000 0.866025
vn -0.258819 -0.000000 0.965926
vn -0.000000 -0.000000 1.000000
vn 0.258819 0.000000 0.965926
vn 0.500000 0.000000 0.866025
vn 0.707107 0.000000 0.707107
vn 0.866025 0.000000 0.500000
vn 0.000000 -1.000000 0.000000
vn 0.000000 -1.000000 0.000000
vn 0.000000 -1.000000 0.000000
vn 0.000000 -1.000000 0.000000
vn 0.000000 -1.000000 0.000000
vn 0.000000 -1.000000 0.000000
vn 0.000000 -1.000000 0.000000
vn 0.000000 -1.000000 0.000000
vn 0.000000 -1.000000 0.000000
vn 0.000000 -1.000000 0.000000
vn 0.000000 -1.000000 0.000000
vn 0.000000 -1.000000 0.000000
vn 0.000000 -1.000000 0.000000
vn 0.000000 -1.000000 0.000000
vn 0.000000 -1.000000 0.000000
vn 0.000000 -1.000000 0.000000
vn 0.000000 -1.000000 0.000000
vn 0.000000 -1.000000 0.000000
vn 0.000000 -1.000000 0.000000
vn 0.000000 -1.000000 0.000000
vn 0.000000 -1.000000 0.000000
vn 0.000000 -1.000000 0.000000
vn 0.000000 -1.000000 0.000000
vn 0.000000 -1.000000 0.000000
vn 0.000000 -1.000000 0.000000
vn 0.000000 -1.000000 0.000000
vn 0.000000 -1.000000 0.000000
vn 0.000000 -1.000000 0.000000
vn 0.000000 -1.000000 0.000000
vn 0.000000 -1.000000 0.000000
vn 0.000000 -1.000000 0.000000
vn 0.000000 -1.000000 0.000000
vn 0.000000 -1.000000 0.000000
vn 0.000000 -1.000000 0.000000
vn 0.000000 -1.000000 0.000000
vn 0.000000 -1.000000 0.000000
vn 0.000000 -1.000000 0.000000
vn 0.000000 -1.000000 0.000000
vn 0.000000 -1.000000 0.000000
vn 0.000000 -1.000000 0.000000
usemtl Paint_-_Enamel_Glossy_(Black)
f 229/401/327 230/402/328 263/403/329
f 263/403/329 230/402/328 231/404/330
f 263/403/329 231/404/330 262/405/331
f 262/405/331 231/404/330 232/406/332
f 262/405/331 232/406/332 261/407/333
f 261/407/333 232/406/332 233/408/334
f 261/407/333 233/408/334 260/409/335
f 260/409/335 233/408/334 234/410/336
f 260/409/335 234/410/336 259/411/337
f 259/411/337 234/410/336 235/412/338
f 259/411/337 235/412/338 258/413/339
f 258/413/339 235/412/338 236/414/340
f 258/413/339 236/414/340 257/415/341
f 257/415/341 236/414/340 237/416/342
f 257/415/341 237/416/342 256/417/343
f 256/417/343 237/416/342 238/418/344
f 256/417/343 238/418/344 255/419/345
f 255/419/345 238/418/344 239/420/346
f 255/419/345 239/420/346 254/421/347
f 254/421/347 239/420/346 240/422/348
f 254/421/347 240/422/348 253/423/349
f 253/423/349 240/422/348 241/424/350
f 241/425/350 242/426/351 274/427/352
f 274/427/352 242/426/351 243/428/353
f 274/427/352 243/428/353 273/429/354
f 273/429/354 243/428/353 244/430/355
f 273/429/354 244/430/355 272/431/356
f 272/431/356 244/430/355 245/432/357
f 272/431/356 245/432/357 271/433/358
f 271/433/358 245/432/357 246/434/359
f 271/433/358 246/434/359 270/435/360
f 270/435/360 246/434/359 247/436/361
f 270/435/360 247/436/361 269/437/362
f 269/437/362 247/436/361 248/438/363
f 269/437/362 248/438/363 268/439/364
f 268/439/364 248/438/363 249/440/365
f 268/439/364 249/440/365 267/441/366
f 267/441/366 249/440/365 250/442/367
f 267/441/366 250/442/367 266/443/368
f 266/443/368 250/442/367 251/444/369
f 266/443/368 251/444/369 265/445/370
f 265/445/370 251/444/369 252/446/371
f 265/445/370 252/446/371 264/447/372
f 264/447/372 252/446/371 229/448/327
f 253/423/349 241/449/350 275/450/373
f 275/450/373 241/451/350 286/452/374
f 286/452/374 241/453/350 297/454/375
f 297/454/375 241/455/350 274/427/352
f 264/447/372 229/456/327 307/457/376
f 307/457/376 229/458/327 296/459/377
f 296/459/377 229/460/327 285/461/378
f 285/461/378 229/462/327 263/403/329
f 254/421/347 253/423/349 276/463/379
f 276/463/379 253/423/349 275/450/373
f 276/463/379 275/450/373 287/464/380
f 287/464/380 275/450/373 286/452/374
f 287/464/380 286/452/374 298/465/381
f 298/465/381 286/452/374 297/454/375
f 298/465/381 297/454/375 273/429/354
f 273/429/354 297/454/375 274/427/352
f 255/419/345 254/421/347 277/466/382
f 277/466/382 254/421/347 276/463/379
f 277/466/382 276/463/379 288/467/383
f 288/467/383 276/463/379 287/464/380
f 288/467/383 287/464/380 299/468/384
f 299/468/384 287/464/380 298/465/381
f 299/468/384 298/465/381 272/431/356
f 272/431/356 298/465/381 273/429/354
f 256/417/343 255/419/345 278/469/385
f 278/469/385 255/419/345 277/466/382
f 278/469/385 277/466/382 289/470/386
f 289/470/386 277/466/382 288/467/383
f 289/470/386 288/467/383 300/471/387
f 300/471/387 288/467/383 299/468/384
f 300/471/387 299/468/384 271/433/358
f 271/433/358 299/468/384 272/431/356
f 257/415/341 256/417/343 279/472/388
f 279/472/388 256/417/343 278/469/385
f 279/472/388 278/469/385 290/473/389
f 290/473/389 278/469/385 289/470/386
f 290/473/389 289/470/386 301/474/390
f 301/474/390 289/470/386 300/471/387
f 301/474/390 300/471/387 270/435/360
f 270/435/360 300/471/387 271/433/358
f 258/413/339 257/415/341 280/475/391
f 280/475/391 257/415/341 279/472/388
f 280/475/391 279/472/388 291/476/392
f 291/476/392 279/472/388 290/473/389
f 291/476/392 290/473/389 302/477/393
f 302/477/393 290/473/389 301/474/390
f 302/477/393 301/474/390 269/437/362
f 269/437/362 301/474/390 270/435/360
f 259/411/337 258/413/339 281/478/394
f 281/478/394 258/413/339 280/475/391
f 281/478/394 280/475/391 292/479/395
f 292/479/395 280/475/391 291/476/392
f 292/479/395 291/476/392 303/480/396
f 303/480/396 291/476/392 302/477/393
f 303/480/396 302/477/393 268/439/364
f 268/439/364 302/477/393 269/437/362
f 260/409/335 259/411/337 282/481/397
f 282/481/397 259/411/337 281/478/394
f 282/481/397 281/478/394 293/482/398
f 293/482/398 281/478/394 292/479/395
f 293/482/398 292/479/395 304/483/399
f 304/483/399 292/479/395 303/480/396
f 304/483/399 303/480/396 267/441/366
f 267/441/366 303/480/396 268/439/364
f 261/407/333 260/409/335 283/484/400
f 283/484/400 260/409/335 282/481/397
f 283/484/400 282/481/397 294/485/401
f 294/485/401 282/481/397 293/482/398
f 294/485/401 293/482/398 305/486/402
f 305/486/402 293/482/398 304/483/399
f 305/486/402 304/483/399 266/443/368
f 266/443/368 304/483/399 267/441/366
f 285/461/378 263/403/329 262/405/331
f 262/405/331 261/407/333 284/487/403
f 284/487/403 261/407/333 283/484/400
f 284/487/403 283/484/400 295/488/404
f 295/488/404 283/484/400 294/485/401
f 295/488/404 294/485/401 306/489/405
f 306/489/405 294/485/401 305/486/402
f 306/489/405 305/486/402 265/445/370
f 265/445/370 305/486/402 266/443/368
f 306/489/405 265/445/370 264/447/372
f 306/489/405 264/447/372 307/457/376
f 296/459/377 285/461/378 284/487/403
f 284/487/403 285/461/378 262/405/331
f 296/459/377 284/487/403 295/488/404
f 307/457/376 296/459/377 295/488/404
f 307/457/376 295/488/404 306/489/405
f 240/490/406 230/491/407 241/492/408
f 241/492/408 230/491/407 229/493/409
f 241/492/408 229/493/409 344/494/410
f 344/494/410 229/493/409 308/495/411
f 344/494/410 308/495/411 343/496/412
f 343/496/412 308/495/411 329/497/413
f 343/496/412 329/497/413 342/498/414
f 342/498/414 329/497/413 330/499/415
f 342/498/414 330/499/415 341/500/416
f 341/500/416 330/499/415 331/501/417
f 341/500/416 331/501/417 340/502/418
f 340/502/418 331/501/417 332/503/419
f 340/502/418 332/503/419 339/504/420
f 339/504/420 332/503/419 333/505/421
f 339/504/420 333/505/421 338/506/422
f 338/506/422 333/505/421 334/507/423
f 338/506/422 334/507/423 337/508/424
f 337/508/424 334/507/423 335/509/425
f 337/508/424 335/509/425 336/510/426
f 230/491/407 240/490/406 231/511/427
f 231/511/427 240/490/406 239/512/428
f 231/511/427 239/512/428 232/513/429
f 232/513/429 239/512/428 238/514/430
f 232/513/429 238/514/430 233/515/431
f 233/515/431 238/514/430 237/516/432
f 233/515/431 237/516/432 234/517/433
f 234/517/433 237/516/432 236/518/434
f 234/517/433 236/518/434 235/519/435
f 308/495/411 309/520/436 329/497/413
f 329/497/413 309/520/436 328/521/437
f 328/521/437 309/520/436 319/522/438
f 328/521/437 319/522/438 320/523/439
f 319/522/438 309/520/436 318/524/440
f 318/524/440 309/520/436 310/525/441
f 318/524/440 310/525/441 317/526/442
f 317/526/442 310/525/441 311/527/443
f 317/526/442 311/527/443 312/528/444
f 312/528/444 313/529/445 317/526/442
f 317/526/442 313/529/445 314/530/446
f 317/526/442 314/530/446 316/531/447
f 316/531/447 314/530/446 315/532/448
f 328/521/437 320/523/439 327/533/449
f 327/533/449 320/523/439 321/534/450
f 327/533/449 321/534/450 322/535/451
f 322/535/451 323/536/452 327/533/449
f 327/533/449 323/536/452 324/537/453
f 327/533/449 324/537/453 326/538/454
f 326/538/454 324/537/453 325/539/455
f 252/540/371 357/541/456 229/542/327
f 229/542/327 357/541/456 358/543/457
f 229/542/327 358/543/457 359/544/458
f 359/544/458 358/543/457 363/545/459
f 359/544/458 363/545/459 364/546/460
f 364/546/460 363/545/459 368/547/461
f 364/546/460 368/547/461 354/548/462
f 354/548/462 368/547/461 353/549/463
f 353/549/463 368/547/461 372/550/464
f 353/549/463 372/550/464 352/551/465
f 352/551/465 372/550/464 376/552/466
f 352/551/465 376/552/466 350/553/467
f 350/553/467 376/552/466 380/554/468
f 350/553/467 380/554/468 349/555/469
f 349/555/469 380/554/468 384/556/470
f 349/555/469 384/556/470 348/557/471
f 348/557/471 384/556/470 388/558/472
f 348/557/471 388/558/472 347/559/473
f 347/559/473 388/558/472 392/560/474
f 347/559/473 392/560/474 346/561/475
f 346/561/475 392/560/474 396/562/476
f 346/561/475 396/562/476 345/563/477
f 345/563/477 396/562/476 400/564/478
f 345/563/477 400/564/478 344/565/479
f 344/565/479 400/564/478 399/566/480
f 344/565/479 399/566/480 398/567/481
f 398/567/481 399/566/480 394/568/482
f 398/567/481 394/568/482 393/569/483
f 393/569/483 394/568/482 389/570/484
f 393/569/483 389/570/484 244/571/355
f 244/571/355 389/570/484 245/572/357
f 245/572/357 389/570/484 385/573/485
f 245/572/357 385/573/485 246/574/359
f 246/574/359 385/573/485 381/575/486
f 246/574/359 381/575/486 247/576/361
f 247/576/361 381/575/486 377/577/487
f 247/576/361 377/577/487 248/578/363
f 248/578/363 377/577/487 373/579/488
f 248/578/363 373/579/488 249/580/365
f 249/580/365 373/579/488 369/581/489
f 249/580/365 369/581/489 250/582/367
f 250/582/367 369/581/489 365/583/490
f 250/582/367 365/583/490 251/584/369
f 251/584/369 365/583/490 361/585/491
f 251/584/369 361/585/491 252/540/371
f 252/540/371 361/585/491 357/541/456
f 244/571/355 243/586/353 393/569/483
f 393/569/483 243/586/353 397/587/492
f 393/569/483 397/587/492 398/567/481
f 398/567/481 397/587/492 241/588/350
f 398/567/481 241/588/350 344/565/479
f 243/586/353 242/589/351 397/587/492
f 397/587/492 242/589/351 241/588/350
f 350/553/467 351/590/493 352/551/465
f 354/548/462 355/591/494 364/546/460
f 364/546/460 355/591/494 360/592/495
f 364/546/460 360/592/495 359/544/458
f 359/544/458 360/592/495 308/593/496
f 359/544/458 308/593/496 229/542/327
f 355/591/494 356/594/497 360/592/495
f 360/592/495 356/594/497 308/593/496
f 358/543/457 357/541/456 362/595/498
f 362/595/498 357/541/456 361/585/491
f 362/595/498 361/585/491 366/596/499
f 366/596/499 361/585/491 365/583/490
f 366/596/499 365/583/490 370/597/500
f 370/597/500 365/583/490 369/581/489
f 370/597/500 369/581/489 374/598/501
f 374/598/501 369/581/489 373/579/488
f 374/598/501 373/579/488 378/599/502
f 378/599/502 373/579/488 377/577/487
f 378/599/502 377/577/487 382/600/503
f 382/600/503 377/577/487 381/575/486
f 382/600/503 381/575/486 386/601/504
f 386/601/504 381/575/486 385/573/485
f 386/601/504 385/573/485 390/602/505
f 390/602/505 385/573/485 389/570/484
f 390/602/505 389/570/484 394/568/482
f 358/543/457 362/595/498 363/545/459
f 363/545/459 362/595/498 367/603/506
f 363/545/459 367/603/506 368/547/461
f 368/547/461 367/603/506 372/550/464
f 367/603/506 362/595/498 366/596/499
f 367/603/506 366/596/499 371/604/507
f 371/604/507 366/596/499 370/597/500
f 371/604/507 370/597/500 375/605/508
f 375/605/508 370/597/500 374/598/501
f 375/605/508 374/598/501 379/606/509
f 379/606/509 374/598/501 378/599/502
f 379/606/509 378/599/502 383/607/510
f 383/607/510 378/599/502 382/600/503
f 383/607/510 382/600/503 387/608/511
f 387/608/511 382/600/503 386/601/504
f 387/608/511 386/601/504 391/609/512
f 391/609/512 386/601/504 390/602/505
f 391/609/512 390/602/505 395/610/513
f 395/610/513 390/602/505 394/568/482
f 395/610/513 394/568/482 399/566/480
f 376/552/466 372/550/464 371/604/507
f 371/604/507 372/550/464 367/603/506
f 376/552/466 371/604/507 375/605/508
f 380/554/468 376/552/466 375/605/508
f 380/554/468 375/605/508 379/606/509
f 384/556/470 380/554/468 379/606/509
f 384/556/470 379/606/509 383/607/510
f 388/558/472 384/556/470 383/607/510
f 388/558/472 383/607/510 387/608/511
f 392/560/474 388/558/472 387/608/511
f 392/560/474 387/608/511 391/609/512
f 396/562/476 392/560/474 391/609/512
f 396/562/476 391/609/512 395/610/513
f 400/564/478 396/562/476 395/610/513
f 400/564/478 395/610/513 399/566/480
f 309/611/514 308/612/515 406/613/516
f 406/613/516 308/612/515 356/614/517
f 406/613/516 356/614/517 405/615/518
f 405/615/518 356/614/517 355/616/519
f 405/615/518 355/616/519 404/617/520
f 404/617/520 355/616/519 354/618/521
f 404/617/520 354/618/521 403/619/522
f 403/619/522 354/618/521 353/620/523
f 403/619/522 353/620/523 402/621/524
f 402/621/524 353/620/523 352/622/525
f 402/621/524 352/622/525 401/623/526
f 401/623/526 352/622/525 351/624/527
f 350/625/467 407/626/528 351/627/493
f 351/627/493 407/626/528 408/628/529
f 351/627/493 408/628/529 401/629/530
f 401/629/530 408/628/529 409/630/531
f 410/631/532 427/632/533 310/633/534
f 310/633/534 427/632/533 426/634/535
f 310/633/534 426/634/535 311/635/536
f 311/635/536 426/634/535 312/636/537
f 312/636/537 426/634/535 425/637/538
f 312/636/537 425/637/538 440/638/539
f 440/638/539 425/637/538 424/639/540
f 440/638/539 424/639/540 439/640/541
f 439/640/541 424/639/540 423/641/542
f 439/640/541 423/641/542 438/642/543
f 438/642/543 423/641/542 422/643/544
f 438/642/543 422/643/544 437/644/545
f 437/644/545 422/643/544 419/645/546
f 437/644/545 419/645/546 420/646/547
f 410/631/532 411/647/548 427/632/533
f 427/632/533 411/647/548 428/648/549
f 427/632/533 428/648/549 426/634/535
f 426/634/535 428/648/549 425/637/538
f 428/648/549 411/647/548 432/649/550
f 432/649/550 411/647/548 412/650/551
f 432/649/550 412/650/551 433/651/552
f 433/651/552 412/650/551 413/652/553
f 433/651/552 413/652/553 434/653/554
f 434/653/554 413/652/553 436/654/555
f 434/653/554 436/654/555 421/655/556
f 421/655/556 436/654/555 414/656/557
f 421/655/556 414/656/557 415/657/558
f 413/652/553 414/656/557 436/654/555
f 415/657/558 416/658/559 421/655/556
f 421/655/556 416/658/559 435/659/560
f 421/655/556 435/659/560 434/653/554
f 434/653/554 435/659/560 430/660/561
f 434/653/554 430/660/561 429/661/562
f 429/661/562 430/660/561 424/639/540
f 429/661/562 424/639/540 425/637/538
f 416/658/559 417/662/563 435/659/560
f 435/659/560 417/662/563 431/663/564
f 435/659/560 431/663/564 430/660/561
f 430/660/561 431/663/564 423/641/542
f 430/660/561 423/641/542 424/639/540
f 417/662/563 418/664/565 431/663/564
f 431/663/564 418/664/565 422/643/544
f 431/663/564 422/643/544 423/641/542
f 418/664/565 419/645/546 422/643/544
f 437/644/545 420/646/547 441/665/566
f 441/665/566 420/646/547 316/666/567
f 441/665/566 316/666/567 315/667/568
f 441/665/566 315/667/568 442/668/569
f 442/668/569 315/667/568 314/669/570
f 442/668/569 314/669/570 438/642/543
f 438/642/543 314/669/570 439/640/541
f 314/669/570 313/670/571 439/640/541
f 439/640/541 313/670/571 440/638/539
f 313/670/571 312/636/537 440/638/539
f 429/661/562 425/637/538 428/648/549
f 432/649/550 433/651/552 428/648/549
f 428/648/549 433/651/552 429/661/562
f 433/651/552 434/653/554 429/661/562
f 442/668/569 438/642/543 437/644/545
f 441/665/566 442/668/569 437/644/545
f 415/671/558 443/672/572 416/673/559
f 416/673/559 443/672/572 444/674/573
f 416/673/559 444/674/573 417/675/563
f 417/675/563 444/674/573 445/676/574
f 417/675/563 445/676/574 418/677/565
f 418/677/565 445/676/574 446/678/575
f 418/677/565 446/678/575 447/679/576
f 418/677/565 447/679/576 419/680/546
f 419/680/546 447/679/576 448/681/577
f 419/680/546 448/681/577 420/682/547
f 420/682/547 448/681/577 449/683/578
f 420/682/547 449/683/578 450/684/579
f 317/685/580 316/686/567 450/684/579
f 450/684/579 316/686/567 420/682/547
f 450/687/581 456/688/582 317/689/583
f 317/689/583 456/688/582 457/690/584
f 317/689/583 457/690/584 318/691/585
f 318/691/585 457/690/584 458/692/586
f 318/691/585 458/692/586 459/693/587
f 459/693/587 458/692/586 463/694/588
f 459/693/587 463/694/588 454/695/589
f 454/695/589 463/694/588 453/696/590
f 453/696/590 463/694/588 467/697/591
f 453/696/590 467/697/591 452/698/592
f 452/698/592 467/697/591 471/699/593
f 452/698/592 471/699/593 451/700/594
f 451/700/594 471/699/593 475/701/595
f 451/700/594 475/701/595 409/702/531
f 409/702/531 475/701/595 479/703/596
f 409/702/531 479/703/596 483/704/597
f 483/704/597 479/703/596 478/705/598
f 483/704/597 478/705/598 482/706/599
f 482/706/599 478/705/598 477/707/600
f 482/706/599 477/707/600 481/708/601
f 481/708/601 477/707/600 476/709/602
f 481/708/601 476/709/602 480/710/603
f 480/710/603 476/709/602 415/711/558
f 480/710/603 415/711/558 414/712/557
f 450/687/581 449/713/604 456/688/582
f 456/688/582 449/713/604 448/714/605
f 456/688/582 448/714/605 460/715/606
f 460/715/606 448/714/605 447/716/607
f 460/715/606 447/716/607 464/717/608
f 464/717/608 447/716/607 446/718/609
f 464/717/608 446/718/609 445/719/610
f 464/717/608 445/719/610 468/720/611
f 468/720/611 445/719/610 444/721/612
f 468/720/611 444/721/612 472/722/613
f 472/722/613 444/721/612 443/723/614
f 472/722/613 443/723/614 476/709/602
f 476/709/602 443/723/614 415/711/558
f 480/710/603 414/712/557 484/724/615
f 484/724/615 414/712/557 413/725/553
f 484/724/615 413/725/553 488/726/616
f 488/726/616 413/725/553 412/727/551
f 488/726/616 412/727/551 492/728/617
f 492/728/617 412/727/551 411/729/548
f 492/728/617 411/729/548 496/730/618
f 496/730/618 411/729/548 410/731/532
f 496/730/618 410/731/532 310/732/534
f 309/733/619 498/734/620 310/732/534
f 310/732/534 498/734/620 497/735/621
f 310/732/534 497/735/621 496/730/618
f 496/730/618 497/735/621 492/728/617
f 498/734/620 309/733/619 499/736/622
f 499/736/622 309/733/619 406/737/623
f 499/736/622 406/737/623 495/738/624
f 495/738/624 406/737/623 405/739/625
f 495/738/624 405/739/625 491/740/626
f 491/740/626 405/739/625 404/741/627
f 491/740/626 404/741/627 487/742/628
f 487/742/628 404/741/627 403/743/629
f 487/742/628 403/743/629 483/704/597
f 483/704/597 403/743/629 402/744/630
f 483/704/597 402/744/630 409/702/531
f 409/702/531 402/744/630 401/745/530
f 454/695/589 455/746/631 459/693/587
f 459/693/587 455/746/631 318/691/585
f 457/690/584 456/688/582 461/747/632
f 461/747/632 456/688/582 460/715/606
f 461/747/632 460/715/606 465/748/633
f 465/748/633 460/715/606 464/717/608
f 465/748/633 464/717/608 469/749/634
f 469/749/634 464/717/608 468/720/611
f 469/749/634 468/720/611 473/750/635
f 473/750/635 468/720/611 472/722/613
f 473/750/635 472/722/613 477/707/600
f 477/707/600 472/722/613 476/709/602
f 458/692/586 457/690/584 462/751/636
f 462/751/636 457/690/584 461/747/632
f 462/751/636 461/747/632 466/752/637
f 466/752/637 461/747/632 465/748/633
f 466/752/637 465/748/633 470/753/638
f 470/753/638 465/748/633 469/749/634
f 470/753/638 469/749/634 474/754/639
f 474/754/639 469/749/634 473/750/635
f 474/754/639 473/750/635 478/705/598
f 478/705/598 473/750/635 477/707/600
f 467/697/591 463/694/588 462/751/636
f 462/751/636 463/694/588 458/692/586
f 467/697/591 462/751/636 466/752/637
f 471/699/593 467/697/591 466/752/637
f 471/699/593 466/752/637 470/753/638
f 475/701/595 471/699/593 470/753/638
f 475/701/595 470/753/638 474/754/639
f 479/703/596 475/701/595 474/754/639
f 479/703/596 474/754/639 478/705/598
f 481/708/601 480/710/603 485/755/640
f 485/755/640 480/710/603 484/724/615
f 485/755/640 484/724/615 489/756/641
f 489/756/641 484/724/615 488/726/616
f 489/756/641 488/726/616 493/757/642
f 493/757/642 488/726/616 492/728/617
f 493/757/642 492/728/617 497/735/621
f 487/742/628 483/704/597 482/706/599
f 482/706/599 481/708/601 486/758/643
f 486/758/643 481/708/601 485/755/640
f 486/758/643 485/755/640 490/759/644
f 490/759/644 485/755/640 489/756/641
f 490/759/644 489/756/641 494/760/645
f 494/760/645 489/756/641 493/757/642
f 494/760/645 493/757/642 498/734/620
f 498/734/620 493/757/642 497/735/621
f 491/740/626 487/742/628 486/758/643
f 486/758/643 487/742/628 482/706/599
f 491/740/626 486/758/643 490/759/644
f 495/738/624 491/740/626 490/759/644
f 495/738/624 490/759/644 494/760/645
f 499/736/622 495/738/624 494/760/645
f 499/736/622 494/760/645 498/734/620
f 342/761/646 341/762/647 521/763/648
f 521/763/648 341/762/647 340/764/649
f 521/763/648 340/764/649 520/765/650
f 520/765/650 340/764/649 339/766/651
f 520/765/650 339/766/651 519/767/652
f 519/767/652 339/766/651 338/768/653
f 519/767/652 338/768/653 518/769/654
f 518/769/654 338/768/653 337/770/655
f 518/769/654 337/770/655 517/771/656
f 517/771/656 337/770/655 336/772/657
f 517/771/656 336/772/657 516/773/658
f 516/773/658 336/772/657 335/774/659
f 516/773/658 335/774/659 515/775/660
f 515/775/660 335/774/659 334/776/661
f 515/775/660 334/776/661 514/777/662
f 514/777/662 334/776/661 333/778/663
f 514/777/662 333/778/663 513/779/664
f 513/779/664 333/778/663 332/780/665
f 513/779/664 332/780/665 512/781/666
f 512/781/666 332/780/665 331/782/667
f 512/781/666 331/782/667 511/783/668
f 511/783/668 331/782/667 330/784/669
f 330/785/669 500/786/670 532/787/671
f 532/787/671 500/786/670 501/788/672
f 532/787/671 501/788/672 531/789/673
f 531/789/673 501/788/672 502/790/674
f 531/789/673 502/790/674 530/791/675
f 530/791/675 502/790/674 503/792/676
f 530/791/675 503/792/676 529/793/677
f 529/793/677 503/792/676 504/794/678
f 529/793/677 504/794/678 528/795/679
f 528/795/679 504/794/678 505/796/680
f 528/795/679 505/796/680 527/797/681
f 527/797/681 505/796/680 506/798/682
f 527/797/681 506/798/682 526/799/683
f 526/799/683 506/798/682 507/800/684
f 526/799/683 507/800/684 525/801/685
f 525/801/685 507/800/684 508/802/686
f 525/801/685 508/802/686 524/803/687
f 524/803/687 508/802/686 509/804/688
f 524/803/687 509/804/688 523/805/689
f 523/805/689 509/804/688 510/806/690
f 523/805/689 510/806/690 522/807/691
f 522/807/691 510/806/690 342/808/646
f 511/783/668 330/809/669 533/810/692
f 533/810/692 330/811/669 544/812/693
f 544/812/693 330/813/669 555/814/694
f 555/814/694 330/815/669 532/787/671
f 522/807/691 342/816/646 565/817/695
f 565/817/695 342/818/646 554/819/696
f 554/819/696 342/820/646 543/821/697
f 543/821/697 342/822/646 521/763/648
f 512/781/666 511/783/668 534/823/698
f 534/823/698 511/783/668 533/810/692
f 534/823/698 533/810/692 545/824/699
f 545/824/699 533/810/692 544/812/693
f 545/824/699 544/812/693 556/825/700
f 556/825/700 544/812/693 555/814/694
f 556/825/700 555/814/694 531/789/673
f 531/789/673 555/814/694 532/787/671
f 513/779/664 512/781/666 535/826/701
f 535/826/701 512/781/666 534/823/698
f 535/826/701 534/823/698 546/827/702
f 546/827/702 534/823/698 545/824/699
f 546/827/702 545/824/699 557/828/703
f 557/828/703 545/824/699 556/825/700
f 557/828/703 556/825/700 530/791/675
f 530/791/675 556/825/700 531/789/673
f 514/777/662 513/779/664 536/829/704
f 536/829/704 513/779/664 535/826/701
f 536/829/704 535/826/701 547/830/705
f 547/830/705 535/826/701 546/827/702
f 547/830/705 546/827/702 558/831/706
f 558/831/706 546/827/702 557/828/703
f 558/831/706 557/828/703 529/793/677
f 529/793/677 557/828/703 530/791/675
f 515/775/660 514/777/662 537/832/707
f 537/832/707 514/777/662 536/829/704
f 537/832/707 536/829/704 548/833/708
f 548/833/708 536/829/704 547/830/705
f 548/833/708 547/830/705 559/834/709
f 559/834/709 547/830/705 558/831/706
f 559/834/709 558/831/706 528/795/679
f 528/795/679 558/831/706 529/793/677
f 516/773/658 515/775/660 538/835/710
f 538/835/710 515/775/660 537/832/707
f 538/835/710 537/832/707 549/836/711
f 549/836/711 537/832/707 548/833/708
f 549/836/711 548/833/708 560/837/712
f 560/837/712 548/833/708 559/834/709
f 560/837/712 559/834/709 527/797/681
f 527/797/681 559/834/709 528/795/679
f 517/771/656 516/773/658 539/838/713
f 539/838/713 516/773/658 538/835/710
f 539/838/713 538/835/710 550/839/714
f 550/839/714 538/835/710 549/836/711
f 550/839/714 549/836/711 561/840/715
f 561/840/715 549/836/711 560/837/712
f 561/840/715 560/837/712 526/799/683
f 526/799/683 560/837/712 527/797/681
f 518/769/654 517/771/656 540/841/716
f 540/841/716 517/771/656 539/838/713
f 540/841/716 539/838/713 551/842/717
f 551/842/717 539/838/713 550/839/714
f 551/842/717 550/839/714 562/843/718
f 562/843/718 550/839/714 561/840/715
f 562/843/718 561/840/715 525/801/685
f 525/801/685 561/840/715 526/799/683
f 519/767/652 518/769/654 541/844/719
f 541/844/719 518/769/654 540/841/716
f 541/844/719 540/841/716 552/845/720
f 552/845/720 540/841/716 551/842/717
f 552/845/720 551/842/717 563/846/721
f 563/846/721 551/842/717 562/843/718
f 563/846/721 562/843/718 524/803/687
f 524/803/687 562/843/718 525/801/685
f 543/821/697 521/763/648 520/765/650
f 520/765/650 519/767/652 542/847/722
f 542/847/722 519/767/652 541/844/719
f 542/847/722 541/844/719 553/848/723
f 553/848/723 541/844/719 552/845/720
f 553/848/723 552/845/720 564/849/724
f 564/849/724 552/845/720 563/846/721
f 564/849/724 563/846/721 523/805/689
f 523/805/689 563/846/721 524/803/687
f 564/849/724 523/805/689 522/807/691
f 564/849/724 522/807/691 565/817/695
f 554/819/696 543/821/697 542/847/722
f 542/847/722 543/821/697 520/765/650
f 554/819/696 542/847/722 553/848/723
f 565/817/695 554/819/696 553/848/723
f 565/817/695 553/848/723 564/849/724
f 510/850/690 576/851/725 342/852/646
f 342/852/646 576/851/725 577/853/726
f 342/852/646 577/853/726 343/854/727
f 343/854/727 577/853/726 578/855/728
f 343/854/727 578/855/728 575/856/729
f 575/856/729 578/855/728 574/857/730
f 574/857/730 578/855/728 581/858/731
f 574/857/730 581/858/731 573/859/732
f 573/859/732 581/858/731 584/860/733
f 573/859/732 584/860/733 572/861/734
f 572/861/734 584/860/733 587/862/735
f 572/861/734 587/862/735 571/863/736
f 571/863/736 587/862/735 590/864/737
f 571/863/736 590/864/737 407/865/528
f 407/865/528 590/864/737 593/866/738
f 407/865/528 593/866/738 570/867/739
f 570/867/739 593/866/738 596/868/740
f 570/867/739 596/868/740 569/869/741
f 569/869/741 596/868/740 599/870/742
f 569/869/741 599/870/742 568/871/743
f 568/871/743 599/870/742 602/872/744
f 568/871/743 602/872/744 567/873/745
f 567/873/745 602/872/744 605/874/746
f 567/873/745 605/874/746 566/875/747
f 566/875/747 605/874/746 608/876/748
f 566/875/747 608/876/748 329/877/749
f 329/877/749 608/876/748 607/878/750
f 329/877/749 607/878/750 330/879/669
f 330/879/669 607/878/750 606/880/751
f 330/879/669 606/880/751 500/881/670
f 500/881/670 606/880/751 501/882/672
f 501/882/672 606/880/751 603/883/752
f 501/882/672 603/883/752 502/884/674
f 502/884/674 603/883/752 600/885/753
f 502/884/674 600/885/753 503/886/676
f 503/886/676 600/885/753 597/887/754
f 503/886/676 597/887/754 504/888/678
f 504/888/678 597/887/754 594/889/755
f 504/888/678 594/889/755 505/890/680
f 505/890/680 594/889/755 591/891/756
f 505/890/680 591/891/756 506/892/682
f 506/892/682 591/891/756 588/893/757
f 506/892/682 588/893/757 507/894/684
f 507/894/684 588/893/757 585/895/758
f 507/894/684 585/895/758 508/896/686
f 508/896/686 585/895/758 582/897/759
f 508/896/686 582/897/759 509/898/688
f 509/898/688 582/897/759 579/899/760
f 509/898/688 579/899/760 510/850/690
f 510/850/690 579/899/760 576/851/725
f 581/858/731 578/855/728 577/853/726
f 577/853/726 576/851/725 580/900/761
f 580/900/761 576/851/725 579/899/760
f 580/900/761 579/899/760 583/901/762
f 583/901/762 579/899/760 582/897/759
f 583/901/762 582/897/759 586/902/763
f 586/902/763 582/897/759 585/895/758
f 586/902/763 585/895/758 589/903/764
f 589/903/764 585/895/758 588/893/757
f 589/903/764 588/893/757 592/904/765
f 592/904/765 588/893/757 591/891/756
f 592/904/765 591/891/756 595/905/766
f 595/905/766 591/891/756 594/889/755
f 595/905/766 594/889/755 598/906/767
f 598/906/767 594/889/755 597/887/754
f 598/906/767 597/887/754 601/907/768
f 601/907/768 597/887/754 600/885/753
f 601/907/768 600/885/753 604/908/769
f 604/908/769 600/885/753 603/883/752
f 604/908/769 603/883/752 607/878/750
f 607/878/750 603/883/752 606/880/751
f 584/860/733 581/858/731 580/900/761
f 580/900/761 581/858/731 577/853/726
f 584/860/733 580/900/761 583/901/762
f 587/862/735 584/860/733 583/901/762
f 587/862/735 583/901/762 586/902/763
f 590/864/737 587/862/735 586/902/763
f 590/864/737 586/902/763 589/903/764
f 593/866/738 590/864/737 589/903/764
f 593/866/738 589/903/764 592/904/765
f 596/868/740 593/866/738 592/904/765
f 596/868/740 592/904/765 595/905/766
f 599/870/742 596/868/740 595/905/766
f 599/870/742 595/905/766 598/906/767
f 602/872/744 599/870/742 598/906/767
f 602/872/744 598/906/767 601/907/768
f 605/874/746 602/872/744 601/907/768
f 605/874/746 601/907/768 604/908/769
f 608/876/748 605/874/746 604/908/769
f 608/876/748 604/908/769 607/878/750
f 321/909/770 320/910/771 622/911/772
f 622/911/772 320/910/771 609/912/773
f 622/911/772 609/912/773 621/913/774
f 621/913/774 609/912/773 610/914/775
f 621/913/774 610/914/775 625/915/776
f 625/915/776 610/914/775 624/916/777
f 625/915/776 624/916/777 630/917/778
f 630/917/778 624/916/777 629/918/779
f 630/917/778 629/918/779 635/919/780
f 635/919/780 629/918/779 634/920/781
f 635/919/780 634/920/781 639/921/782
f 639/921/782 634/920/781 638/922/783
f 639/921/782 638/922/783 618/923/784
f 618/923/784 638/922/783 617/924/785
f 617/924/785 638/922/783 637/925/786
f 617/924/785 637/925/786 616/926/787
f 616/926/787 637/925/786 633/927/788
f 616/926/787 633/927/788 632/928/789
f 632/928/789 633/927/788 627/929/790
f 632/928/789 627/929/790 614/930/791
f 614/930/791 627/929/790 613/931/792
f 613/931/792 627/929/790 612/932/793
f 612/932/793 627/929/790 628/933/794
f 612/932/793 628/933/794 623/934/795
f 623/934/795 628/933/794 629/918/779
f 623/934/795 629/918/779 624/916/777
f 610/914/775 611/935/796 624/916/777
f 624/916/777 611/935/796 623/934/795
f 611/935/796 612/932/793 623/934/795
f 614/930/791 615/936/797 632/928/789
f 632/928/789 615/936/797 616/926/787
f 639/921/782 618/923/784 641/937/798
f 641/937/798 618/923/784 619/938/799
f 641/937/798 619/938/799 620/939/800
f 620/939/800 619/938/799 326/940/801
f 620/939/800 326/940/801 325/941/802
f 620/939/800 325/941/802 640/942/803
f 640/942/803 325/941/802 324/943/804
f 640/942/803 324/943/804 636/944/805
f 636/944/805 324/943/804 323/945/806
f 636/944/805 323/945/806 631/946/807
f 631/946/807 323/945/806 322/947/808
f 631/946/807 322/947/808 626/948/809
f 626/948/809 322/947/808 321/909/770
f 626/948/809 321/909/770 622/911/772
f 626/948/809 622/911/772 621/913/774
f 631/946/807 626/948/809 625/915/776
f 625/915/776 626/948/809 621/913/774
f 631/946/807 625/915/776 630/917/778
f 634/920/781 629/918/779 628/933/794
f 634/920/781 628/933/794 633/927/788
f 633/927/788 628/933/794 627/929/790
f 636/944/805 631/946/807 630/917/778
f 636/944/805 630/917/778 635/919/780
f 638/922/783 634/920/781 633/927/788
f 637/925/786 638/922/783 633/927/788
f 640/942/803 636/944/805 635/919/780
f 640/942/803 635/919/780 639/921/782
f 620/939/800 640/942/803 639/921/782
f 641/937/798 620/939/800 639/921/782
f 614/949/791 642/950/810 615/951/797
f 615/951/797 642/950/810 643/952/811
f 615/951/797 643/952/811 616/953/787
f 616/953/787 643/952/811 644/954/812
f 616/953/787 644/954/812 617/955/785
f 617/955/785 644/954/812 645/956/813
f 617/955/785 645/956/813 646/957/814
f 617/955/785 646/957/814 618/958/784
f 618/958/784 646/957/814 647/959/815
f 618/958/784 647/959/815 619/960/799
f 619/960/799 647/959/815 648/961/816
f 619/960/799 648/961/816 649/962/817
f 327/963/818 326/964/801 649/962/817
f 649/962/817 326/964/801 619/960/799
f 649/965/819 660/966/820 327/967/821
f 327/967/821 660/966/820 661/968/822
f 327/967/821 661/968/822 662/969/823
f 662/969/823 661/968/822 666/970/824
f 662/969/823 666/970/824 667/971/825
f 667/971/825 666/970/824 671/972/826
f 667/971/825 671/972/826 657/973/827
f 657/973/827 671/972/826 656/974/828
f 656/974/828 671/972/826 675/975/829
f 656/974/828 675/975/829 655/976/830
f 655/976/830 675/975/829 679/977/831
f 655/976/830 679/977/831 408/978/529
f 408/978/529 679/977/831 683/979/832
f 408/978/529 683/979/832 654/980/833
f 654/980/833 683/979/832 687/981/834
f 654/980/833 687/981/834 653/982/835
f 653/982/835 687/981/834 691/983/836
f 653/982/835 691/983/836 652/984/837
f 652/984/837 691/983/836 695/985/838
f 652/984/837 695/985/838 651/986/839
f 651/986/839 695/985/838 699/987/840
f 651/986/839 699/987/840 650/988/841
f 650/988/841 699/987/840 703/989/842
f 650/988/841 703/989/842 319/990/843
f 319/990/843 703/989/842 702/991/844
f 319/990/843 702/991/844 320/992/771
f 320/992/771 702/991/844 701/993/845
f 320/992/771 701/993/845 700/994/846
f 700/994/846 701/993/845 696/995/847
f 700/994/846 696/995/847 610/996/775
f 610/996/775 696/995/847 611/997/796
f 611/997/796 696/995/847 692/998/848
f 611/997/796 692/998/848 612/999/793
f 612/999/793 692/998/848 688/1000/849
f 612/999/793 688/1000/849 613/1001/792
f 613/1001/792 688/1000/849 684/1002/850
f 613/1001/792 684/1002/850 614/1003/791
f 614/1003/791 684/1002/850 680/1004/851
f 614/1003/791 680/1004/851 642/1005/852
f 642/1005/852 680/1004/851 676/1006/853
f 642/1005/852 676/1006/853 643/1007/854
f 643/1007/854 676/1006/853 672/1008/855
f 643/1007/854 672/1008/855 644/1009/856
f 644/1009/856 672/1008/855 668/1010/857
f 644/1009/856 668/1010/857 645/1011/858
f 645/1011/858 668/1010/857 646/1012/859
f 646/1012/859 668/1010/857 664/1013/860
f 646/1012/859 664/1013/860 647/1014/861
f 647/1014/861 664/1013/860 660/966/820
f 647/1014/861 660/966/820 648/1015/862
f 648/1015/862 660/966/820 649/965/819
f 610/996/775 609/1016/773 700/994/846
f 700/994/846 609/1016/773 320/992/771
f 657/973/827 658/1017/863 667/971/825
f 667/971/825 658/1017/863 663/1018/864
f 667/971/825 663/1018/864 662/969/823
f 662/969/823 663/1018/864 328/1019/865
f 662/969/823 328/1019/865 327/967/821
f 658/1017/863 659/1020/866 663/1018/864
f 663/1018/864 659/1020/866 328/1019/865
f 661/968/822 660/966/820 665/1021/867
f 665/1021/867 660/966/820 664/1013/860
f 665/1021/867 664/1013/860 669/1022/868
f 669/1022/868 664/1013/860 668/1010/857
f 669/1022/868 668/1010/857 673/1023/869
f 673/1023/869 668/1010/857 672/1008/855
f 673/1023/869 672/1008/855 677/1024/870
f 677/1024/870 672/1008/855 676/1006/853
f 677/1024/870 676/1006/853 681/1025/871
f 681/1025/871 676/1006/853 680/1004/851
f 681/1025/871 680/1004/851 685/1026/872
f 685/1026/872 680/1004/851 684/1002/850
f 685/1026/872 684/1002/850 689/1027/873
f 689/1027/873 684/1002/850 688/1000/849
f 689/1027/873 688/1000/849 693/1028/874
f 693/1028/874 688/1000/849 692/998/848
f 693/1028/874 692/998/848 697/1029/875
f 697/1029/875 692/998/848 696/995/847
f 697/1029/875 696/995/847 701/993/845
f 661/968/822 665/1021/867 666/970/824
f 666/970/824 665/1021/867 670/1030/876
f 666/970/824 670/1030/876 671/972/826
f 671/972/826 670/1030/876 675/975/829
f 670/1030/876 665/1021/867 669/1022/868
f 670/1030/876 669/1022/868 674/1031/877
f 674/1031/877 669/1022/868 673/1023/869
f 674/1031/877 673/1023/869 678/1032/878
f 678/1032/878 673/1023/869 677/1024/870
f 678/1032/878 677/1024/870 682/1033/879
f 682/1033/879 677/1024/870 681/1025/871
f 682/1033/879 681/1025/871 686/1034/880
f 686/1034/880 681/1025/871 685/1026/872
f 686/1034/880 685/1026/872 690/1035/881
f 690/1035/881 685/1026/872 689/1027/873
f 690/1035/881 689/1027/873 694/1036/882
f 694/1036/882 689/1027/873 693/1028/874
f 694/1036/882 693/1028/874 698/1037/883
f 698/1037/883 693/1028/874 697/1029/875
f 698/1037/883 697/1029/875 702/991/844
f 702/991/844 697/1029/875 701/993/845
f 679/977/831 675/975/829 674/1031/877
f 674/1031/877 675/975/829 670/1030/876
f 679/977/831 674/1031/877 678/1032/878
f 683/979/832 679/977/831 678/1032/878
f 683/979/832 678/1032/878 682/1033/879
f 687/981/834 683/979/832 682/1033/879
f 687/981/834 682/1033/879 686/1034/880
f 691/983/836 687/981/834 686/1034/880
f 691/983/836 686/1034/880 690/1035/881
f 695/985/838 691/983/836 690/1035/881
f 695/985/838 690/1035/881 694/1036/882
f 699/987/840 695/985/838 694/1036/882
f 699/987/840 694/1036/882 698/1037/883
f 703/989/842 699/987/840 698/1037/883
f 703/989/842 698/1037/883 702/991/844
f 319/1038/884 318/1039/885 650/1040/886
f 650/1040/886 318/1039/885 455/1041/887
f 650/1040/886 455/1041/887 651/1042/888
f 651/1042/888 455/1041/887 454/1043/889
f 651/1042/888 454/1043/889 652/1044/890
f 652/1044/890 454/1043/889 453/1045/891
f 652/1044/890 453/1045/891 653/1046/892
f 653/1046/892 453/1045/891 452/1047/893
f 653/1046/892 452/1047/893 654/1048/894
f 654/1048/894 452/1047/893 451/1049/895
f 654/1048/894 451/1049/895 408/1050/896
f 408/1050/896 451/1049/895 409/1051/897
f 329/1052/898 328/1053/899 566/1054/900
f 566/1054/900 328/1053/899 659/1055/901
f 566/1054/900 659/1055/901 567/1056/902
f 567/1056/902 659/1055/901 658/1057/903
f 567/1056/902 658/1057/903 568/1058/904
f 568/1058/904 658/1057/903 657/1059/905
f 568/1058/904 657/1059/905 569/1060/906
f 569/1060/906 657/1059/905 656/1061/907
f 569/1060/906 656/1061/907 570/1062/908
f 570/1062/908 656/1061/907 655/1063/909
f 570/1062/908 655/1063/909 407/1064/910
f 407/1064/910 655/1063/909 408/1065/896
f 344/1066/911 343/1067/912 345/1068/913
f 345/1068/913 343/1067/912 575/1069/914
f 345/1068/913 575/1069/914 346/1070/915
f 346/1070/915 575/1069/914 574/1071/916
f 346/1070/915 574/1071/916 347/1072/917
f 347/1072/917 574/1071/916 573/1073/918
f 347/1072/917 573/1073/918 348/1074/919
f 348/1074/919 573/1073/918 572/1075/920
f 348/1074/919 572/1075/920 349/1076/921
f 349/1076/921 572/1075/920 571/1077/922
f 349/1076/921 571/1077/922 350/1078/923
f 350/1078/923 571/1077/922 407/1079/910
# 703 vertices
# 1079 texture params
# 923 normals
# 1390 facets

# 4 groups
